{
  "advisor_attempt_model_counts": {},
  "advisor_call_total": 0,
  "agent_turns": {
    "max": 21.0,
    "mean": 16.55,
    "median": 18.0,
    "min": 5.0,
    "sum": 331.0
  },
  "avg_reward_percent": 25.0,
  "call_finish_reasons": {
    "stop": 221,
    "tool_calls": 219
  },
  "call_latency_ms": {
    "max": 47658.795083872974,
    "mean": 5047.2886973505165,
    "median": 3287.476103985682,
    "min": 977.9459168203175,
    "sum": 2220807.026834227
  },
  "cost": {
    "note": "priced_call_cost_* sums response.usage.cost_microdollars when present; unpriced calls had no cost_microdollars in the saved provider response.",
    "priced_call_cost_microdollars": 1168157,
    "priced_call_cost_usd": 1.168157,
    "priced_calls": 311,
    "tau2_agent_cost_reported": 0.0,
    "tau2_user_cost_reported": 0.0,
    "unpriced_calls": 129
  },
  "domain": "banking_knowledge",
  "duration_seconds": {
    "max": 252.62284599989653,
    "mean": 111.23615545625799,
    "median": 97.4681468331255,
    "min": 34.409719499759376,
    "sum": 2224.7231091251597
  },
  "eval": "tau2",
  "full_passes": 5,
  "generated_at": "2026-06-30T02:34:29.825077+00:00",
  "model": "trustedrouter/aristotle-1.0",
  "num_tasks": 20,
  "partial_macro_percent": 32.5,
  "partial_macro_sum": 6.5,
  "partial_micro_percent": 32.5,
  "pass1_percent": 25.0,
  "raw_replay": "runs/tau2/tau2_banking_knowledge_bm25_aristotle_1_0_20tasks/raw_results.json",
  "request_model_counts": {
    "openai/gpt-4.1": 129,
    "trustedrouter/aristotle-1.0": 311
  },
  "response_model_counts": {
    "deepseek/deepseek-v4-flash": 311,
    "openai/gpt-4.1": 129
  },
  "result_json": "results/tau2_banking_knowledge_bm25_aristotle_1_0_20tasks.json",
  "retrieval_config": "bm25",
  "seconds_per_agent_plus_user_turn_proxy": {
    "max": 8.420761533329884,
    "mean": 4.708802757507012,
    "median": 4.330174099833266,
    "min": 3.2784458705490187,
    "sum": 94.17605515014024
  },
  "seconds_per_agent_turn_proxy": {
    "max": 14.034602555549807,
    "mean": 6.661508230807987,
    "median": 6.213598249998453,
    "min": 4.152396426558317,
    "sum": 133.23016461615975
  },
  "selected_model_counts": {
    "deepseek/deepseek-v4-flash": 311
  },
  "sim_errors": 0,
  "tasks": [
    {
      "agent_turns": 12,
      "duration_s": 64.23856908408925,
      "partial": 1.0,
      "reward": 1.0,
      "seconds_per_agent_plus_user_turn_proxy": 3.778739357887603,
      "seconds_per_agent_turn_proxy": 5.353214090340771,
      "task_id": "task_001",
      "termination": "user_stop",
      "tool_messages": 14,
      "user_turns": 5
    },
    {
      "agent_turns": 20,
      "duration_s": 131.69022616604343,
      "partial": 0.0,
      "reward": 0.0,
      "seconds_per_agent_plus_user_turn_proxy": 5.487092756918476,
      "seconds_per_agent_turn_proxy": 6.584511308302171,
      "task_id": "task_002",
      "termination": "max_steps",
      "tool_messages": 31,
      "user_turns": 4
    },
    {
      "agent_turns": 13,
      "duration_s": 91.14694749983028,
      "partial": 0.0,
      "reward": 0.0,
      "seconds_per_agent_plus_user_turn_proxy": 4.797207763148962,
      "seconds_per_agent_turn_proxy": 7.011303653833098,
      "task_id": "task_003",
      "termination": "user_stop",
      "tool_messages": 15,
      "user_turns": 6
    },
    {
      "agent_turns": 12,
      "duration_s": 73.79677549982443,
      "partial": 1.0,
      "reward": 1.0,
      "seconds_per_agent_plus_user_turn_proxy": 3.5141321666583063,
      "seconds_per_agent_turn_proxy": 6.149731291652036,
      "task_id": "task_004",
      "termination": "user_stop",
      "tool_messages": 3,
      "user_turns": 9
    },
    {
      "agent_turns": 5,
      "duration_s": 34.409719499759376,
      "partial": 1.0,
      "reward": 1.0,
      "seconds_per_agent_plus_user_turn_proxy": 3.8233021666399307,
      "seconds_per_agent_turn_proxy": 6.881943899951875,
      "task_id": "task_006",
      "termination": "user_stop",
      "tool_messages": 4,
      "user_turns": 4
    },
    {
      "agent_turns": 17,
      "duration_s": 96.15876600006595,
      "partial": 1.0,
      "reward": 1.0,
      "seconds_per_agent_plus_user_turn_proxy": 3.6984140769256135,
      "seconds_per_agent_turn_proxy": 5.65639800000388,
      "task_id": "task_005",
      "termination": "user_stop",
      "tool_messages": 8,
      "user_turns": 9
    },
    {
      "agent_turns": 8,
      "duration_s": 42.34436320932582,
      "partial": 1.0,
      "reward": 1.0,
      "seconds_per_agent_plus_user_turn_proxy": 3.528696934110485,
      "seconds_per_agent_turn_proxy": 5.2930454011657275,
      "task_id": "task_007",
      "termination": "user_stop",
      "tool_messages": 6,
      "user_turns": 4
    },
    {
      "agent_turns": 21,
      "duration_s": 123.97975237527862,
      "partial": 0.0,
      "reward": 0.0,
      "seconds_per_agent_plus_user_turn_proxy": 4.275163875009608,
      "seconds_per_agent_turn_proxy": 5.903797732156125,
      "task_id": "task_008",
      "termination": "max_steps",
      "tool_messages": 13,
      "user_turns": 8
    },
    {
      "agent_turns": 17,
      "duration_s": 98.77752766618505,
      "partial": 0.25,
      "reward": 0.0,
      "seconds_per_agent_plus_user_turn_proxy": 3.7991356794686557,
      "seconds_per_agent_turn_proxy": 5.810442803893238,
      "task_id": "task_010",
      "termination": "user_stop",
      "tool_messages": 9,
      "user_turns": 9
    },
    {
      "agent_turns": 12,
      "duration_s": 85.52548708301038,
      "partial": 0.5,
      "reward": 0.0,
      "seconds_per_agent_plus_user_turn_proxy": 5.030911004882963,
      "seconds_per_agent_turn_proxy": 7.127123923584198,
      "task_id": "task_014",
      "termination": "user_stop",
      "tool_messages": 7,
      "user_turns": 5
    },
    {
      "agent_turns": 20,
      "duration_s": 105.24442379176617,
      "partial": 0.5,
      "reward": 0.0,
      "seconds_per_agent_plus_user_turn_proxy": 4.385184324656923,
      "seconds_per_agent_turn_proxy": 5.262221189588308,
      "task_id": "task_012",
      "termination": "user_stop",
      "tool_messages": 16,
      "user_turns": 4
    },
    {
      "agent_turns": 18,
      "duration_s": 91.79648437537253,
      "partial": 0.0,
      "reward": 0.0,
      "seconds_per_agent_plus_user_turn_proxy": 3.2784458705490187,
      "seconds_per_agent_turn_proxy": 5.099804687520696,
      "task_id": "task_015",
      "termination": "user_stop",
      "tool_messages": 10,
      "user_turns": 10
    },
    {
      "agent_turns": 14,
      "duration_s": 77.9409624999389,
      "partial": 0.25,
      "reward": 0.0,
      "seconds_per_agent_plus_user_turn_proxy": 3.5427710227244957,
      "seconds_per_agent_turn_proxy": 5.567211607138494,
      "task_id": "task_016",
      "termination": "user_stop",
      "tool_messages": 7,
      "user_turns": 8
    },
    {
      "agent_turns": 21,
      "duration_s": 87.20032495772466,
      "partial": 0.0,
      "reward": 0.0,
      "seconds_per_agent_plus_user_turn_proxy": 3.6333468732385277,
      "seconds_per_agent_turn_proxy": 4.152396426558317,
      "task_id": "task_017",
      "termination": "max_steps",
      "tool_messages": 17,
      "user_turns": 3
    },
    {
      "agent_turns": 21,
      "duration_s": 131.8267693752423,
      "partial": 0.0,
      "reward": 0.0,
      "seconds_per_agent_plus_user_turn_proxy": 5.273070775009692,
      "seconds_per_agent_turn_proxy": 6.277465208344871,
      "task_id": "task_018",
      "termination": "max_steps",
      "tool_messages": 29,
      "user_turns": 4
    },
    {
      "agent_turns": 21,
      "duration_s": 169.03671233402565,
      "partial": 0.0,
      "reward": 0.0,
      "seconds_per_agent_plus_user_turn_proxy": 6.50141201284714,
      "seconds_per_agent_turn_proxy": 8.049367254001222,
      "task_id": "task_019",
      "termination": "max_steps",
      "tool_messages": 18,
      "user_turns": 5
    },
    {
      "agent_turns": 18,