max_turns (f.k.a. max_episodes) artificially limited to 60. Consider removing this limit for better task completion.
Installing: tmux
Detected system: {'os': 'debian-based', 'package_manager': 'apt-get', 'update_command': None}
Installing tools using apt-get: (DEBIAN_FRONTEND=noninteractive apt-get install -y --no-install-recommends tmux) || (DEBIAN_FRONTEND=noninteractive apt-get update -o Acquire::Retries=2 -o Acquire::http::Timeout=30 -o Acquire::https::Timeout=30 && DEBIAN_FRONTEND=noninteractive apt-get install -y --no-install-recommends tmux)
Sending keys: ['ls -la /app/ /app/isos/\n'] min_timeout_sec: 0.1 max_timeout_sec: 180.0
Sending keys: ['file /app/isos/win311.img\n'] min_timeout_sec: 0.1 max_timeout_sec: 180.0
Sending keys: ['which qemu-system-i386 qemu-system-x86_64 nginx websockify 2>/dev/null; true\n'] min_timeout_sec: 0.1 max_timeout_sec: 180.0
Sending keys: ['qemu-system-i386 --version 2>/dev/null || qemu-system-x86_64 --version 2>/dev/null || true\n'] min_timeout_sec: 0.2 max_timeout_sec: 180.0
Sending keys: ['ls /tmp/qemu-monitor.sock 2>/dev/null; ls /etc/nginx/sites-enabled/ 2>/dev/null; ss -ltnp 2>/dev/null | head -20\n'] min_timeout_sec: 0.2 max_timeout_sec: 180.0
Trajectory dumped to runs/harbor-v21/athena-slowest-hard-failed7-retry-20260703T025916Z/install-windows-3.11__xQYBsai/agent/trajectory.json
Sending keys: ["find / -maxdepth 4 -type f -name 'qemu-system-*' 2>/dev/null; true\n"] min_timeout_sec: 0.5 max_timeout_sec: 180.0
Sending keys: ['dpkg -l 2>/dev/null | grep -i qemu; apt-cache policy qemu-system-x86 qemu-system-i386 2>/dev/null | head -40; true\n'] min_timeout_sec: 0.5 max_timeout_sec: 180.0
Sending keys: ['ls -la /usr/bin/qemu* /usr/local/bin/qemu* 2>/dev/null; true\n'] min_timeout_sec: 0.1 max_timeout_sec: 180.0
Trajectory dumped to runs/harbor-v21/athena-slowest-hard-failed7-retry-20260703T025916Z/install-windows-3.11__xQYBsai/agent/trajectory.json
Sending keys: ['cat /etc/os-release 2>/dev/null; uname -a; arch\n'] min_timeout_sec: 0.1 max_timeout_sec: 180.0
Sending keys: ['apt-get update 2>&1 | tail -20\n'] min_timeout_sec: 10.0 max_timeout_sec: 180.0
Sending keys: ["apt-cache search qemu 2>/dev/null | grep -i 'system' | head -20; true\n"] min_timeout_sec: 0.5 max_timeout_sec: 180.0
Trajectory dumped to runs/harbor-v21/athena-slowest-hard-failed7-retry-20260703T025916Z/install-windows-3.11__xQYBsai/agent/trajectory.json
Sending keys: ['apt-get install -y qemu-system-x86 2>&1 | tail -30\n'] min_timeout_sec: 20.0 max_timeout_sec: 180.0
Sending keys: ['which qemu-system-x86_64 qemu-system-i386 2>/dev/null; qemu-system-x86_64 --version 2>/dev/null | head -3; true\n'] min_timeout_sec: 0.2 max_timeout_sec: 180.0
Trajectory dumped to runs/harbor-v21/athena-slowest-hard-failed7-retry-20260703T025916Z/install-windows-3.11__xQYBsai/agent/trajectory.json
Sending keys: [''] min_timeout_sec: 10.0 max_timeout_sec: 180.0
Trajectory dumped to runs/harbor-v21/athena-slowest-hard-failed7-retry-20260703T025916Z/install-windows-3.11__xQYBsai/agent/trajectory.json
Sending keys: ['which qemu-system-x86_64 qemu-system-i386 2>/dev/null; qemu-system-x86_64 --version 2>/dev/null | head -3; true\n'] min_timeout_sec: 0.2 max_timeout_sec: 180.0
Sending keys: ['ls -la /usr/share/novnc /usr/share/websockify /usr/share/nginx/html 2>/dev/null; dpkg -l 2>/dev/null | grep -i novnc; true\n'] min_timeout_sec: 0.2 max_timeout_sec: 180.0
Sending keys: ["cat /etc/nginx/sites-enabled/default 2>/dev/null | sed -n '1,80p'; true\n"] min_timeout_sec: 0.2 max_timeout_sec: 180.0
Trajectory dumped to runs/harbor-v21/athena-slowest-hard-failed7-retry-20260703T025916Z/install-windows-3.11__xQYBsai/agent/trajectory.json
Sending keys: ['cat > /etc/nginx/sites-available/default << \'EOF\'\nserver {\n    listen 80 default_server;\n\n    root /usr/share/novnc;\n    index index.html vnc.html;\n\n    server_name _;\n\n    location / {\n        try_files $uri $uri/ =404;\n    }\n\n    location /websockify {\n        proxy_pass http://127.0.0.1:6080;\n        proxy_http_version 1.1;\n        proxy_set_header Upgrade $http_upgrade;\n        proxy_set_header Connection "upgrade";\n        proxy_set_header Host $host;\n        proxy_read_timeout 86400;\n    }\n}\nEOF\n'] min_timeout_sec: 0.1 max_timeout_sec: 180.0
Sending keys: ['cat > /usr/share/novnc/index.html << \'EOF\'\n<!DOCTYPE html>\n<html>\n<head>\n<meta http-equiv="refresh" content="0; url=vnc.html?autoconnect=1&resize=scale&path=websockify">\n<title>Windows 3.11 noVNC</title>\n</head>\n<body>Redirecting to noVNC...</body>\n</html>\nEOF\n'] min_timeout_sec: 0.1 max_timeout_sec: 180.0
Sending keys: ['rm -f /tmp/qemu-monitor.sock /tmp/qemu.pid\nqemu-system-i386 \\\n  -drive file=/app/isos/win311.img,format=raw,if=ide \\\n  -snapshot \\\n  -m 32 \\\n  -vnc 0.0.0.0:1 \\\n  -monitor unix:/tmp/qemu-monitor.sock,server,nowait \\\n  -pidfile /tmp/qemu.pid \\\n  -boot c \\\n  -daemonize\necho "QEMU exit code: $?"\n'] min_timeout_sec: 2.0 max_timeout_sec: 180.0
Sending keys: ['nohup websockify 127.0.0.1:6080 127.0.0.1:5901 > /tmp/websockify.log 2>&1 &\necho "websockify PID: $!"\n'] min_timeout_sec: 1.0 max_timeout_sec: 180.0
Sending keys: ['nginx -t 2>&1 && nginx\necho "nginx exit code: $?"\n'] min_timeout_sec: 1.0 max_timeout_sec: 180.0
Trajectory dumped to runs/harbor-v21/athena-slowest-hard-failed7-retry-20260703T025916Z/install-windows-3.11__xQYBsai/agent/trajectory.json
Sending keys: ["cat /tmp/qemu.pid 2>/dev/null; ps -ef | grep -E 'qemu|websockify|nginx' | grep -v grep\n"] min_timeout_sec: 0.1 max_timeout_sec: 180.0
Sending keys: ['ls -la /tmp/qemu-monitor.sock\n'] min_timeout_sec: 0.1 max_timeout_sec: 180.0
Sending keys: ["echo 'info status' | socat - UNIX-CONNECT:/tmp/qemu-monitor.sock 2>/dev/null || echo 'info status' | nc -U /tmp/qemu-monitor.sock 2>/dev/null || true\n"] min_timeout_sec: 0.5 max_timeout_sec: 180.0
Sending keys: ["ss -ltnp | grep -E ':80|:5901|:6080'\n"] min_timeout_sec: 0.2 max_timeout_sec: 180.0
Sending keys: ["curl -s -o /dev/null -w 'HTTP %{http_code}\\n' http://127.0.0.1:80/; curl -s http://127.0.0.1:80/ | head -5\n"] min_timeout_sec: 0.5 max_timeout_sec: 180.0
Trajectory dumped to runs/harbor-v21/athena-slowest-hard-failed7-retry-20260703T025916Z/install-windows-3.11__xQYBsai/agent/trajectory.json
Sending keys: ['which socat nc wget python3 2>/dev/null; true\n'] min_timeout_sec: 0.1 max_timeout_sec: 180.0
Sending keys: ["python3 - << 'EOF'\nimport socket, time\ns = socket.socket(socket.AF_UNIX, socket.SOCK_STREAM)\ns.settimeout(3)\ns.connect('/tmp/qemu-monitor.sock')\ntime.sleep(0.3)\ntry:\n    print('GREETING:', s.recv(4096).decode(errors='replace').strip())\nexcept socket.timeout:\n    print('GREETING: (timeout)')\ns.sendall(b'info status\\n')\ntime.sleep(0.3)\ntry:\n    print('STATUS:', s.recv(4096).decode(errors='replace').strip())\nexcept socket.timeout:\n    print('STATUS: (timeout)')\ns.close()\nEOF\n"] min_timeout_sec: 1.0 max_timeout_sec: 180.0
Sending keys: ["python3 - << 'EOF'\nimport urllib.request\ntry:\n    r = urllib.request.urlopen('http://127.0.0.1:80/')\n    print('HTTP', r.status)\n    print(r.read(200).decode(errors='replace'))\nexcept Exception as e:\n    print('ERROR:', e)\nEOF\n"] min_timeout_sec: 1.0 max_timeout_sec: 180.0
Trajectory dumped to runs/harbor-v21/athena-slowest-hard-failed7-retry-20260703T025916Z/install-windows-3.11__xQYBsai/agent/trajectory.json
Sending keys: ["ls -la /etc/nginx/sites-enabled/ /etc/nginx/conf.d/; grep -R '8080\\|proxy_pass\\|root\\|listen' /etc/nginx/sites-enabled/ /etc/nginx/conf.d/ /etc/nginx/nginx.conf 2>/dev/null\n"] min_timeout_sec: 0.2 max_timeout_sec: 180.0
Sending keys: ["nginx -T 2>&1 | sed -n '1,160p'\n"] min_timeout_sec: 0.2 max_timeout_sec: 180.0
Trajectory dumped to runs/harbor-v21/athena-slowest-hard-failed7-retry-20260703T025916Z/install-windows-3.11__xQYBsai/agent/trajectory.json
Sending keys: ["cp /etc/nginx/nginx.conf /etc/nginx/nginx.conf.bak\ncat > /etc/nginx/nginx.conf << 'EOF'\nuser root;\nworker_processes 1;\n\nevents {\n    worker_connections 4096;\n}\n\nhttp {\n    include       mime.types;\n    default_type  application/octet-stream;\n    sendfile on;\n    tcp_nopush on;\n    tcp_nodelay on;\n    keepalive_timeout 65;\n    include /etc/nginx/sites-enabled/*;\n}\nEOF\n"] min_timeout_sec: 0.1 max_timeout_sec: 180.0
Sending keys: ['nginx -t 2>&1 && nginx -s reload && echo "nginx reloaded"\n'] min_timeout_sec: 1.0 max_timeout_sec: 180.0
Sending keys: ["python3 - << 'EOF'\nimport urllib.request\ntry:\n    r = urllib.request.urlopen('http://127.0.0.1:80/')\n    print('HTTP', r.status)\n    print(r.read(200).decode(errors='replace'))\nexcept Exception as e:\n    print('ERROR:', e)\nEOF\n"] min_timeout_sec: 0.5 max_timeout_sec: 180.0
Trajectory dumped to runs/harbor-v21/athena-slowest-hard-failed7-retry-20260703T025916Z/install-windows-3.11__xQYBsai/agent/trajectory.json
Sending keys: ["python3 - << 'EOF'\nimport urllib.request\nfor path in ['/', '/vnc.html']:\n    try:\n        r = urllib.request.urlopen(f'http://127.0.0.1:80{path}')\n        print(f'{path}: HTTP {r.status}, {len(r.read(500))} bytes')\n    except Exception as e:\n        print(f'{path}: ERROR {e}')\nEOF\n"] min_timeout_sec: 0.5 max_timeout_sec: 180.0
Sending keys: ["python3 - << 'EOF'\nimport socket, time\ns = socket.socket(socket.AF_UNIX, socket.SOCK_STREAM)\ns.settimeout(3)\ns.connect('/tmp/qemu-monitor.sock')\ntime.sleep(0.3)\ns.recv(4096)\ns.sendall(b'sendkey a\\n')\ntime.sleep(0.3)\nprint('sendkey response:', s.recv(4096).decode(errors='replace').strip())\ns.close()\nEOF\n"] min_timeout_sec: 1.0 max_timeout_sec: 180.0
Sending keys: ["ss -ltnp | grep -E ':80|:5901|:6080'; ls -la /tmp/qemu-monitor.sock; cat /tmp/qemu.pid\n"] min_timeout_sec: 0.2 max_timeout_sec: 180.0
Trajectory dumped to runs/harbor-v21/athena-slowest-hard-failed7-retry-20260703T025916Z/install-windows-3.11__xQYBsai/agent/trajectory.json
Trajectory dumped to runs/harbor-v21/athena-slowest-hard-failed7-retry-20260703T025916Z/install-windows-3.11__xQYBsai/agent/trajectory.json
Trajectory dumped to runs/harbor-v21/athena-slowest-hard-failed7-retry-20260703T025916Z/install-windows-3.11__xQYBsai/agent/trajectory.json
Trajectory dumped to runs/harbor-v21/athena-slowest-hard-failed7-retry-20260703T025916Z/install-windows-3.11__xQYBsai/agent/trajectory.json
Collecting main service artifacts
max_turns (f.k.a. max_episodes) artificially limited to 60. Consider removing this limit for better task completion.
Installing: tmux
Detected system: {'os': 'debian-based', 'package_manager': 'apt-get', 'update_command': None}
Installing tools using apt-get: (DEBIAN_FRONTEND=noninteractive apt-get install -y --no-install-recommends tmux) || (DEBIAN_FRONTEND=noninteractive apt-get update -o Acquire::Retries=2 -o Acquire::http::Timeout=30 -o Acquire::https::Timeout=30 && DEBIAN_FRONTEND=noninteractive apt-get install -y --no-install-recommends tmux)
Sending keys: ['ls -la\n'] min_timeout_sec: 0.1 max_timeout_sec: 180.0
Sending keys: ['file doomgeneric_mips\n'] min_timeout_sec: 0.1 max_timeout_sec: 180.0
Sending keys: ['find doomgeneric -maxdepth 2 -type f | head -100\n'] min_timeout_sec: 0.1 max_timeout_sec: 180.0
Trajectory dumped to runs/harbor-v21/athena-slowest-hard-failed7-retry-20260703T025916Z/make-mips-interpreter__Bj9PEXT/agent/trajectory.json
Sending keys: ["python3 - <<'PY'\nimport struct\nb=open('doomgeneric_mips','rb').read(64)\nprint('first bytes', b[:16])\nprint('magic', b[:4])\nprint('class', b[4], 'data', b[5], 'version', b[6], 'osabi', b[7])\nprint('type', struct.unpack('<H',b[16:18])[0], 'machine', struct.unpack('<H',b[18:20])[0])\nprint('entry', struct.unpack('<I',b[24:28])[0] if b[4]==1 else struct.unpack('<Q',b[24:32])[0])\nprint('phoff', struct.unpack('<I',b[28:32])[0], 'shoff', struct.unpack('<I',b[32:36])[0])\nprint('flags', struct.unpack('<I',b[36:40])[0])\nprint('ehsize', struct.unpack('<H',b[40:42])[0], 'phentsize', struct.unpack('<H',b[42:44])[0], 'phnum', struct.unpack('<H',b[44:46])[0])\nPY\n"] min_timeout_sec: 0.1 max_timeout_sec: 180.0
Sending keys: ["sed -n '1,220p' doomgeneric/doomgeneric/Makefile\n"] min_timeout_sec: 0.1 max_timeout_sec: 180.0
Sending keys: ["sed -n '1,260p' doomgeneric/doomgeneric/doomgeneric.c\n"] min_timeout_sec: 0.1 max_timeout_sec: 180.0
Sending keys: ['grep -R "frame" -n doomgeneric/doomgeneric | head -50\n'] min_timeout_sec: 0.1 max_timeout_sec: 180.0
Trajectory dumped to runs/harbor-v21/athena-slowest-hard-failed7-retry-20260703T025916Z/make-mips-interpreter__Bj9PEXT/agent/trajectory.json
Sending keys: ["python3 - <<'PY'\nimport struct\nb=open('doomgeneric_mips','rb').read()\nphoff=52; phentsize=32; phnum=5\nfor i in range(phnum):\n    off=phoff+i*phentsize\n    p=b[off:off+phentsize]\n    typ,off2,vaddr,paddr,filesz,memsz,flags,align=struct.unpack('<IIIIIIII',p)\n    print(i, 'type',typ,'offset',off2,'vaddr',hex(vaddr),'filesz',filesz,'memsz',memsz,'flags',flags,'align',align)\nPY\n"] min_timeout_sec: 0.1 max_timeout_sec: 180.0
Sending keys: ["sed -n '1,260p' doomgeneric/doomgeneric/my_stdlib.h\n"] min_timeout_sec: 0.1 max_timeout_sec: 180.0
Sending keys: ["sed -n '1,320p' doomgeneric/doomgeneric/my_stdlib.c\n"] min_timeout_sec: 0.1 max_timeout_sec: 180.0
Sending keys: ["sed -n '1,260p' doomgeneric/doomgeneric/doomgeneric_img.c\n"] min_timeout_sec: 0.1 max_timeout_sec: 180.0
Sending keys: ["sed -n '1,220p' doomgeneric/doomgeneric/doomgeneric.h\n"] min_timeout_sec: 0.1 max_timeout_sec: 180.0
Sending keys: ['grep -R "syscall\\\\|DG_Init\\\\|DG_DrawFrame\\\\|DoomMain\\\\|frame" -n doomgeneric/doomgeneric | head -100\n'] min_timeout_sec: 0.1 max_timeout_sec: 180.0
Trajectory dumped to runs/harbor-v21/athena-slowest-hard-failed7-retry-20260703T025916Z/make-mips-interpreter__Bj9PEXT/agent/trajectory.json
Sending keys: ["sed -n '1,220p' doomgeneric/doomgeneric/my_stdlib.c\n"] min_timeout_sec: 0.1 max_timeout_sec: 180.0
Sending keys: ["sed -n '221,520p' doomgeneric/doomgeneric/my_stdlib.c\n"] min_timeout_sec: 0.1 max_timeout_sec: 180.0
Sending keys: ["sed -n '521,900p' doomgeneric/doomgeneric/my_stdlib.c\n"] min_timeout_sec: 0.1 max_timeout_sec: 180.0
Sending keys: ['cat doomgeneric/doomgeneric/doomgeneric_img.c\n'] min_timeout_sec: 0.1 max_timeout_sec: 180.0
Sending keys: ['cat doomgeneric/doomgeneric/doomgeneric.h\n'] min_timeout_sec: 0.1 max_timeout_sec: 180.0
Sending keys: ["sed -n '1,360p' doomgeneric/doomgeneric/i_video.c\n"] min_timeout_sec: 0.1 max_timeout_sec: 180.0
Trajectory dumped to runs/harbor-v21/athena-slowest-hard-failed7-retry-20260703T025916Z/make-mips-interpreter__Bj9PEXT/agent/trajectory.json
Sending keys: ["nl -ba doomgeneric/doomgeneric/my_stdlib.c | sed -n '1,200p'\n"] min_timeout_sec: 0.1 max_timeout_sec: 180.0
Sending keys: ["nl -ba doomgeneric/doomgeneric/my_stdlib.c | sed -n '201,460p'\n"] min_timeout_sec: 0.1 max_timeout_sec: 180.0
Sending keys: ["nl -ba doomgeneric/doomgeneric/my_stdlib.c | sed -n '461,760p'\n"] min_timeout_sec: 0.1 max_timeout_sec: 180.0
Sending keys: ['nl -ba doomgeneric/doomgeneric/doomgeneric_img.c\n'] min_timeout_sec: 0.1 max_timeout_sec: 180.0
Sending keys: ['nl -ba doomgeneric/doomgeneric/doomgeneric.h\n'] min_timeout_sec: 0.1 max_timeout_sec: 180.0
Sending keys: ["nl -ba doomgeneric/doomgeneric/i_video.c | sed -n '1,360p'\n"] min_timeout_sec: 0.1 max_timeout_sec: 180.0
Trajectory dumped to runs/harbor-v21/athena-slowest-hard-failed7-retry-20260703T025916Z/make-mips-interpreter__Bj9PEXT/agent/trajectory.json
Sending keys: ['mkdir -p /tmp/src && cp doomgeneric/doomgeneric/my_stdlib.c doomgeneric/doomgeneric/my_stdlib.h doomgeneric/doomgeneric/doomgeneric_img.c doomgeneric/doomgeneric/doomgeneric.h /tmp/src/ && wc -l /tmp/src/*.c /tmp/src/*.h\n'] min_timeout_sec: 0.1 max_timeout_sec: 180.0
Sending keys: ["python3 - <<'PY'\nimport re\nfor f in ['/tmp/src/my_stdlib.c']:\n    for i,l in enumerate(open(f),1):\n        if re.search(r'syscall|asm|__NR|v0|syscall|brk|sbrk|gettimeofday|getpid|open|read|write|close|lseek|exit|fstat|stat|mmap|munmap|ioctl', l):\n            print(f'{i}: {l.rstrip()}')\nPY\n"] min_timeout_sec: 0.1 max_timeout_sec: 180.0
Sending keys: ['cat /tmp/src/doomgeneric_img.c\n'] min_timeout_sec: 0.1 max_timeout_sec: 180.0
Sending keys: ['cat /tmp/src/doomgeneric.h\n'] min_timeout_sec: 0.1 max_timeout_sec: 180.0
Sending keys: ["python3 - <<'PY'\nimport struct\nb=open('doomgeneric_mips','rb').read()\nhdr=struct.unpack('<16sHHIIIIIHHHHHH', b[:52])\nentry,phoff,shoff,flags,ehsize,phentsize,phnum,shentsize,shnum,shstrndx=hdr[4],hdr[5],hdr[6],hdr[7],hdr[8],hdr[9],hdr[10],hdr[11],hdr[12],hdr[13]\nprint('entry',hex(entry),'shnum',shnum,'shstrndx',shstrndx)\nsecs=[]\nfor i in range(shnum):\n    o=shoff+i*shentsize\n    vals=struct.unpack('<IIIIIIIIII', b[o:o+40])\n    secs.append(vals)\ndef getstr(tab,off):\n    e=tab.find(b'\\0',off); return tab[off:e].decode('latin1','replace')\nshstr=secs[shstrndx]\nshstrtab=b[shstr[4]:shstr[4]+shstr[5]]\nfor i,s in enumerate(secs):\n    nm=getstr(shstrtab,s[0]) if s[0]<len(shstrtab) else ''\n    print(i, nm, 'type',s[1],'addr',hex(s[3]),'off',s[4],'size',s[5],'entsize',s[9],'link',s[6])\nprint('--- symbols ---')\nfor si,s in enumerate(secs):\n    nm=getstr(shstrtab,s[0]) if s[0]<len(shstrtab) else ''\n    if s[1] in (2,11):\n        strsec=secs[s[6]]; strtab=b[strsec[4]:strsec[4]+strsec[5]]\n        cnt=s[5]//max(1,s[9])\n        for j in range(cnt):\n            ent=b[s[4]+j*s[9]:s[4]+(j+1)*s[9]]\n            if len(ent)<16: break\n            st_name,st_value,st_size,st_info,st_other,st_shndx=struct.unpack('<IIIBBH', ent[:16])\n            n=getstr(strtab,st_name) if st_name<len(strtab) else ''\n            if n and any(k in n for k in ['syscall','__doom','DG_','I_FinishUpdate','I_VideoBuffer','write','read','open','close','lseek','exit','sbrk','brk','gettimeofday','getpid','doomgeneric_Create','main','D_Doom','malloc','I_InitGraphics','I_Init','I_SetPalette']):\n                print(hex(st_value), st_size, n)\nPY\n"] min_timeout_sec: 0.2 max_timeout_sec: 180.0
Trajectory dumped to runs/harbor-v21/athena-slowest-hard-failed7-retry-20260703T025916Z/make-mips-interpreter__Bj9PEXT/agent/trajectory.json
Sending keys: ['grep -nE "syscall|__NR|asm|brk|sbrk|gettimeofday|getpid|open|read|write|close|lseek|exit|fstat|stat|mmap|munmap|ioctl|DG_DrawFrame|frame|bmp|png|save|fwrite" doomgeneric/doomgeneric/my_stdlib.c doomgeneric/doomgeneric/doomgeneric_img.c doomgeneric/doomgeneric/doomgeneric.h\n'] min_timeout_sec: 0.1 max_timeout_sec: 180.0
Sending keys: ["sed -n '1,220p' doomgeneric/doomgeneric/my_stdlib.c\n"] min_timeout_sec: 0.1 max_timeout_sec: 180.0
Sending keys: ["sed -n '221,520p' doomgeneric/doomgeneric/my_stdlib.c\n"] min_timeout_sec: 0.1 max_timeout_sec: 180.0
Sending keys: ['cat doomgeneric/doomgeneric/doomgeneric_img.c\n'] min_timeout_sec: 0.1 max_timeout_sec: 180.0
Sending keys: ['cat doomgeneric/doomgeneric/doomgeneric.h\n'] min_timeout_sec: 0.1 max_timeout_sec: 180.0
Trajectory dumped to runs/harbor-v21/athena-slowest-hard-failed7-retry-20260703T025916Z/make-mips-interpreter__Bj9PEXT/agent/trajectory.json
Sending keys: ['which objdump mips-linux-gnu-objdump llvm-objdump readelf nm mips-linux-gnu-nm llvm-nm python3 node 2>/dev/null || true\n'] min_timeout_sec: 0.1 max_timeout_sec: 180.0
Sending keys: ["python3 - <<'PY'\nfrom pathlib import Path\nfor fn in ['doomgeneric/doomgeneric/my_stdlib.c','doomgeneric/doomgeneric/doomgeneric_img.c']:\n    print('====',fn,'====')\n    lines=Path(fn).read_text().splitlines()\n    for i,l in enumerate(lines,1):\n        if any(k in l for k in ['syscall','__NR','asm','brk','sbrk','gettimeofday','getpid','open','read','write','close','lseek','exit','fstat','stat','mmap','munmap','ioctl','DG_DrawFrame','frame','bmp','png','save','fwrite','fopen','malloc','free','memcpy','memset']):\n            print(f'{i:4}: {l}')\nPY\n"] min_timeout_sec: 0.1 max_timeout_sec: 180.0
Sending keys: ["python3 - <<'PY'\nfrom pathlib import Path\nfn='doomgeneric/doomgeneric/my_stdlib.c'\nlines=Path(fn).read_text().splitlines()\nfor a,b in [(1,160),(161,320),(321,480),(481,640),(641,820),(821,1000)]:\n    print(f'==== {a}-{b} ====')\n    for i in range(a-1,min(b,len(lines))):\n        print(f'{i+1:4}: {lines[i]}')\nPY\n"] min_timeout_sec: 0.1 max_timeout_sec: 180.0
Sending keys: ["python3 - <<'PY'\nfrom pathlib import Path\nfn='doomgeneric/doomgeneric/doomgeneric_img.c'\nlines=Path(fn).read_text().splitlines()\nfor i,l in enumerate(lines,1):\n    print(f'{i:4}: {l}')\nPY\n"] min_timeout_sec: 0.1 max_timeout_sec: 180.0
Trajectory dumped to runs/harbor-v21/athena-slowest-hard-failed7-retry-20260703T025916Z/make-mips-interpreter__Bj9PEXT/agent/trajectory.json
Sending keys: ['head -120 doomgeneric/doomgeneric/doomgeneric_img.c\n'] min_timeout_sec: 0.1 max_timeout_sec: 180.0
Sending keys: ['grep -n "doomgeneric_Tick" doomgeneric/doomgeneric/doomgeneric_img.c\n'] min_timeout_sec: 0.1 max_timeout_sec: 180.0
Sending keys: ["sed -n '121,260p' doomgeneric/doomgeneric/doomgeneric_img.c\n"] min_timeout_sec: 0.1 max_timeout_sec: 180.0
Sending keys: ['grep -nE "long.*syscall|syscall\\(|__NR|asm\\(|" .* "|brk|sbrk|gettimeofday|getpid|open|read|write|close|lseek|exit|fstat|stat|mmap|munmap|ioctl" doomgeneric/doomgeneric/my_stdlib.c | head -120\n'] min_timeout_sec: 0.1 max_timeout_sec: 180.0
Sending keys: ["sed -n '1,120p' doomgeneric/doomgeneric/my_stdlib.c\n"] min_timeout_sec: 0.1 max_timeout_sec: 180.0
Sending keys: ["sed -n '121,260p' doomgeneric/doomgeneric/my_stdlib.c\n"] min_timeout_sec: 0.1 max_timeout_sec: 180.0
Trajectory dumped to runs/harbor-v21/athena-slowest-hard-failed7-retry-20260703T025916Z/make-mips-interpreter__Bj9PEXT/agent/trajectory.json
Sending keys: ["sed -n '1,60p' doomgeneric/doomgeneric/doomgeneric_img.c\n"] min_timeout_sec: 0.1 max_timeout_sec: 180.0
Sending keys: ["sed -n '61,120p' doomgeneric/doomgeneric/doomgeneric_img.c\n"] min_timeout_sec: 0.1 max_timeout_sec: 180.0
Sending keys: ["sed -n '121,180p' doomgeneric/doomgeneric/doomgeneric_img.c\n"] min_timeout_sec: 0.1 max_timeout_sec: 180.0
Sending keys: ['grep -nE "SYS_|real_syscall|#define.*SYS|long.*syscall|asm" doomgeneric/doomgeneric/my_stdlib.c | head -80\n'] min_timeout_sec: 0.1 max_timeout_sec: 180.0
Sending keys: ["sed -n '1,80p' doomgeneric/doomgeneric/my_stdlib.c\n"] min_timeout_sec: 0.1 max_timeout_sec: 180.0
Sending keys: ["sed -n '81,160p' doomgeneric/doomgeneric/my_stdlib.c\n"] min_timeout_sec: 0.1 max_timeout_sec: 180.0
Trajectory dumped to runs/harbor-v21/athena-slowest-hard-failed7-retry-20260703T025916Z/make-mips-interpreter__Bj9PEXT/agent/trajectory.json
Sending keys: ["python3 - <<'PY'\nfrom pathlib import Path\nprint('=== doomgeneric_img.c ===')\nfor i,l in enumerate(Path('doomgeneric/doomgeneric/doomgeneric_img.c').read_text().splitlines(),1):\n    print(f'{i:4}: {l}')\nPY\n"] min_timeout_sec: 0.1 max_timeout_sec: 180.0
Sending keys: ["python3 - <<'PY'\nfrom pathlib import Path\nprint('=== my_stdlib.c syscall/stub lines ===')\nfor i,l in enumerate(Path('doomgeneric/doomgeneric/my_stdlib.c').read_text().splitlines(),1):\n    if any(k in l for k in ['SYS_','real_syscall','syscall','asm(','__NR','#define SYS','gettimeofday','getpid','open','read','write','close','lseek','exit','fstat','stat','brk','sbrk','mmap']):\n        print(f'{i:4}: {l}')\nPY\n"] min_timeout_sec: 0.1 max_timeout_sec: 180.0
Sending keys: ["python3 - <<'PY'\nimport struct\nb=open('doomgeneric_mips','rb').read()\nhdr=struct.unpack('<16sHHIIIIIHHHHHH', b[:52])\nentry,phoff,shoff,flags,ehsize,phentsize,phnum,shentsize,shnum,shstrndx=hdr[4],hdr[5],hdr[6],hdr[7],hdr[8],hdr[9],hdr[10],hdr[11],hdr[12],hdr[13]\nsecs=[]\nfor i in range(shnum):\n    o=shoff+i*shentsize\n    vals=struct.unpack('<IIIIIIIIII', b[o:o+40])\n    secs.append(vals)\ndef getstr(tab,off):\n    e=tab.find(b'\\0',off); return tab[off:e].decode('latin1','replace')\nshstr=secs[shstrndx]; shstrtab=b[shstr[4]:shstr[4]+shstr[5]]\nwith open('/tmp/symbols.txt','w') as out:\n    for si,s in enumerate(secs):\n        nm=getstr(shstrtab,s[0]) if s[0]<len(shstrtab) else ''\n        if s[1] in (2,11):\n            strsec=secs[s[6]]; strtab=b[strsec[4]:strsec[4]+strsec[5]]\n            cnt=s[5]//max(1,s[9])\n            for j in range(cnt):\n                ent=b[s[4]+j*s[9]:s[4]+(j+1)*s[9]]\n                if len(ent)<16: break\n                st_name,st_value,st_size,st_info,st_other,st_shndx=struct.unpack('<IIIBBH', ent[:16])\n                n=getstr(strtab,st_name) if st_name<len(strtab) else ''\n                if n:\n                    out.write(f'{st_value:08x} {st_size:6} {n}\\n')\nprint('wrote /tmp/symbols.txt')\nPY\n"] min_timeout_sec: 0.2 max_timeout_sec: 180.0
Sending keys: ['wc -l /tmp/symbols.txt && grep -E "main|__start|D_DoomMain|D_DoomLoop|DG_DrawFrame|DG_ScreenBuffer|doomgeneric_Tick|syscall|gettimeofday|getpid|read|write|open|close|lseek|exit|malloc|free|fopen|fwrite|fread|I_FinishUpdate|I_InitGraphics" /tmp/symbols.txt | head -80\n'] min_timeout_sec: 0.1 max_timeout_sec: 180.0
Trajectory dumped to runs/harbor-v21/athena-slowest-hard-failed7-retry-20260703T025916Z/make-mips-interpreter__Bj9PEXT/agent/trajectory.json
Sending keys: ['which objdump mips-linux-gnu-objdump llvm-objdump readelf nm mips-linux-gnu-nm llvm-nm node python3 2>/dev/null || true\n'] min_timeout_sec: 0.1 max_timeout_sec: 180.0
Sending keys: ["sed -n '1,80p' doomgeneric/doomgeneric/doomgeneric_img.c\n"] min_timeout_sec: 0.1 max_timeout_sec: 180.0
Sending keys: ['grep -nE "#define SYS_|real_syscall|asm|__NR|gettimeofday|getpid|open|read|write|close|lseek|exit|brk|mmap" doomgeneric/doomgeneric/my_stdlib.c | head -80\n'] min_timeout_sec: 0.1 max_timeout_sec: 180.0
Trajectory dumped to runs/harbor-v21/athena-slowest-hard-failed7-retry-20260703T025916Z/make-mips-interpreter__Bj9PEXT/agent/trajectory.json
Sending keys: ["sed -n '1,80p' doomgeneric/doomgeneric/doomgeneric_img.c\n"] min_timeout_sec: 0.1 max_timeout_sec: 180.0
Sending keys: ["sed -n '1490,1700p' doomgeneric/doomgeneric/my_stdlib.c\n"] min_timeout_sec: 0.1 max_timeout_sec: 180.0
Sending keys: ["sed -n '1,80p' doomgeneric/doomgeneric/my_stdlib.c\n"] min_timeout_sec: 0.1 max_timeout_sec: 180.0
Trajectory dumped to runs/harbor-v21/athena-slowest-hard-failed7-retry-20260703T025916Z/make-mips-interpreter__Bj9PEXT/agent/trajectory.json
Sending keys: ['awk \'NR>=1 && NR<=40 {printf "%4d %s\\n", NR, $0}\' doomgeneric/doomgeneric/doomgeneric_img.c\n'] min_timeout_sec: 0.1 max_timeout_sec: 180.0
Sending keys: ['awk \'NR>=41 && NR<=80 {printf "%4d %s\\n", NR, $0}\' doomgeneric/doomgeneric/doomgeneric_img.c\n'] min_timeout_sec: 0.1 max_timeout_sec: 180.0
Sending keys: ['awk \'NR>=1500 && NR<=1560 {printf "%4d %s\\n", NR, $0}\' doomgeneric/doomgeneric/my_stdlib.c\n'] min_timeout_sec: 0.1 max_timeout_sec: 180.0
Sending keys: ['awk \'NR>=1600 && NR<=1660 {printf "%4d %s\\n", NR, $0}\' doomgeneric/doomgeneric/my_stdlib.c\n'] min_timeout_sec: 0.1 max_timeout_sec: 180.0
Trajectory dumped to runs/harbor-v21/athena-slowest-hard-failed7-retry-20260703T025916Z/make-mips-interpreter__Bj9PEXT/agent/trajectory.json
Sending keys: ['awk \'NR>=1 && NR<=40 {printf "%4d %s\\n", NR, $0}\' doomgeneric/doomgeneric/doomgeneric_img.c\n'] min_timeout_sec: 0.1 max_timeout_sec: 180.0
Trajectory dumped to runs/harbor-v21/athena-slowest-hard-failed7-retry-20260703T025916Z/make-mips-interpreter__Bj9PEXT/agent/trajectory.json
Sending keys: ['awk \'NR>=41 && NR<=120 {printf "%4d %s\\n", NR, $0}\' doomgeneric/doomgeneric/doomgeneric_img.c\n'] min_timeout_sec: 0.1 max_timeout_sec: 180.0
Trajectory dumped to runs/harbor-v21/athena-slowest-hard-failed7-retry-20260703T025916Z/make-mips-interpreter__Bj9PEXT/agent/trajectory.json
Sending keys: ['awk \'NR>=121 && NR<=200 {printf "%4d %s\\n", NR, $0}\' doomgeneric/doomgeneric/doomgeneric_img.c\n'] min_timeout_sec: 0.1 max_timeout_sec: 180.0
Trajectory dumped to runs/harbor-v21/athena-slowest-hard-failed7-retry-20260703T025916Z/make-mips-interpreter__Bj9PEXT/agent/trajectory.json
Sending keys: ['awk \'NR>=200 && NR<=260 {printf "%4d %s\\n", NR, $0}\' doomgeneric/doomgeneric/doomgeneric_img.c\n'] min_timeout_sec: 0.1 max_timeout_sec: 180.0
Sending keys: ['awk \'NR>=1500 && NR<=1565 {printf "%4d %s\\n", NR, $0}\' doomgeneric/doomgeneric/my_stdlib.c\n'] min_timeout_sec: 0.1 max_timeout_sec: 180.0
Sending keys: ['awk \'NR>=1566 && NR<=1620 {printf "%4d %s\\n", NR, $0}\' doomgeneric/doomgeneric/my_stdlib.c\n'] min_timeout_sec: 0.1 max_timeout_sec: 180.0
Trajectory dumped to runs/harbor-v21/athena-slowest-hard-failed7-retry-20260703T025916Z/make-mips-interpreter__Bj9PEXT/agent/trajectory.json
Sending keys: ['awk \'NR>=1505 && NR<=1545 {printf "%4d %s\\n", NR, $0}\' doomgeneric/doomgeneric/my_stdlib.c\n'] min_timeout_sec: 0.1 max_timeout_sec: 180.0
Sending keys: ['awk \'NR>=840 && NR<=890 {printf "%4d %s\\n", NR, $0}\' doomgeneric/doomgeneric/my_stdlib.c\n'] min_timeout_sec: 0.1 max_timeout_sec: 180.0
Sending keys: ["python3 - <<'PY'\nimport struct\nb=open('doomgeneric_mips','rb').read()\n# Count opcode distribution in executable segment\ntext_start=0x400000; text_off=0; text_filesz=353556\ncounts={}\ncop1=0\nfor off in range(0, text_filesz, 4):\n    w=struct.unpack_from('<I', b, text_off+off)[0]\n    op=w>>26\n    counts[op]=counts.get(op,0)+1\n    if op==0x11: cop1+=1\n    if op==0 and (w&0x3f)==0x0c: # syscall\n        pass\nprint('opcode distribution (op,count):')\nfor op,c in sorted(counts.items()):\n    print(f'  0x{op:02x} ({op:2d}): {c}')\nprint('COP1 (float) instructions:', cop1)\n# Find syscall instructions\nprint('syscall instructions:')\nfor off in range(0, text_filesz, 4):\n    w=struct.unpack_from('<I', b, text_off+off)[0]\n    if (w>>26)==0 and (w&0x3f)==0x0c:\n        print(f'  addr=0x{text_start+off:08x} off=0x{off:x} w=0x{w:08x} code={w>>6&0xfffff}')\nPY\n"] min_timeout_sec: 0.2 max_timeout_sec: 180.0
Sending keys: ["python3 - <<'PY'\nimport struct\nb=open('doomgeneric_mips','rb').read()\nentry=0x400090\noff=entry-0x400000\nprint('Entry point disasm (first 40 words):')\nfor i in range(40):\n    w=struct.unpack_from('<I', b, off+i*4)[0]\n    print(f'  0x{entry+i*4:08x}: 0x{w:08x} op={w>>26:02x} rs={(w>>21)&31} rt={(w>>16)&31} rd={(w>>11)&31} sh={(w>>6)&31} fn={w&0x3f} imm={w&0xffff} target={w&0x3ffffff}')\nPY\n"] min_timeout_sec: 0.1 max_timeout_sec: 180.0
Trajectory dumped to runs/harbor-v21/athena-slowest-hard-failed7-retry-20260703T025916Z/make-mips-interpreter__Bj9PEXT/agent/trajectory.json
Sending keys: ['grep -nE "#define SYS_" doomgeneric/doomgeneric/my_stdlib.c\n'] min_timeout_sec: 0.1 max_timeout_sec: 180.0
Sending keys: ['awk \'NR>=840 && NR<=900 {printf "%4d %s\\n", NR, $0}\' doomgeneric/doomgeneric/my_stdlib.c\n'] min_timeout_sec: 0.1 max_timeout_sec: 180.0
Sending keys: ['awk \'NR>=1530 && NR<=1565 {printf "%4d %s\\n", NR, $0}\' doomgeneric/doomgeneric/my_stdlib.c\n'] min_timeout_sec: 0.1 max_timeout_sec: 180.0
Sending keys: ['grep -nE "brk|sbrk|malloc|basic_malloc|heap|HEAP|_heap" doomgeneric/doomgeneric/my_stdlib.c | head -40\n'] min_timeout_sec: 0.1 max_timeout_sec: 180.0
Sending keys: ["python3 - <<'PY'\nimport struct\nb=open('doomgeneric_mips','rb').read()\ntext_off=0; text_filesz=353556\ncounts={}\nsyscalls=[]\nfor off in range(0, text_filesz, 4):\n    w=struct.unpack_from('<I', b, text_off+off)[0]\n    op=w>>26\n    counts[op]=counts.get(op,0)+1\n    if op==0 and (w&0x3f)==0x0c:\n        syscalls.append(0x400000+off)\nprint('opcode distribution:')\nfor op,c in sorted(counts.items()):\n    print(f'  0x{op:02x} ({op:2d}): {c}')\nprint(f'\\\\nsyscall instructions: {len(syscalls)}')\nfor a in syscalls[:20]:\n    print(f'  0x{a:08x}')\nPY\n"] min_timeout_sec: 0.2 max_timeout_sec: 180.0
Trajectory dumped to runs/harbor-v21/athena-slowest-hard-failed7-retry-20260703T025916Z/make-mips-interpreter__Bj9PEXT/agent/trajectory.json
Sending keys: ['grep -nE "#define SYS_" doomgeneric/doomgeneric/my_stdlib.c\n'] min_timeout_sec: 0.1 max_timeout_sec: 180.0
Sending keys: ['awk \'NR>=1530 && NR<=1565 {printf "%4d %s\\n", NR, $0}\' doomgeneric/doomgeneric/my_stdlib.c\n'] min_timeout_sec: 0.1 max_timeout_sec: 180.0
Sending keys: ['awk \'NR>=840 && NR<=890 {printf "%4d %s\\n", NR, $0}\' doomgeneric/doomgeneric/my_stdlib.c\n'] min_timeout_sec: 0.1 max_timeout_sec: 180.0
Trajectory dumped to runs/harbor-v21/athena-slowest-hard-failed7-retry-20260703T025916Z/make-mips-interpreter__Bj9PEXT/agent/trajectory.json
Sending keys: ['_trustedrouter_get_advice\n'] min_timeout_sec: 0.1 max_timeout_sec: 180.0
Trajectory dumped to runs/harbor-v21/athena-slowest-hard-failed7-retry-20260703T025916Z/make-mips-interpreter__Bj9PEXT/agent/trajectory.json
Trajectory dumped to runs/harbor-v21/athena-slowest-hard-failed7-retry-20260703T025916Z/make-mips-interpreter__Bj9PEXT/agent/trajectory.json
Sending keys: ["python3 - <<'PY'\nimport struct\nb=open('doomgeneric_mips','rb').read()\n# REGINFO at offset 240, 24 bytes\nri=struct.unpack_from('<IIIII', b, 240)\nprint('REGINFO: gprmask=%08x cprmask=%08x %08x %08x %08x gp=%08x' % ri)\n# Highest symbols\nsyms=[]\nhdr=struct.unpack('<16sHHIIIIIHHHHHH', b[:52])\nshoff=hdr[6]; shentsize=hdr[11]; shnum=hdr[12]; shstrndx=hdr[13]\nsecs=[]\nfor i in range(shnum):\n    o=shoff+i*shentsize\n    vals=struct.unpack('<IIIIIIIIII', b[o:o+40])\n    secs.append(vals)\ndef getstr(tab,off):\n    e=tab.find(b'\\0',off); return tab[off:e].decode('latin1','replace')\nshstr=secs[shstrndx]; shstrtab=b[shstr[4]:shstr[4]+shstr[5]]\nfor si,s in enumerate(secs):\n    nm=getstr(shstrtab,s[0]) if s[0]<len(shstrtab) else ''\n    if s[1] in (2,11):\n        strsec=secs[s[6]]; strtab=b[strsec[4]:strsec[4]+strsec[5]]\n        cnt=s[5]//max(1,s[9])\n        for j in range(cnt):\n            ent=b[s[4]+j*s[9]:s[4]+(j+1)*s[9]]\n            if len(ent)<16: break\n            st_name,st_value,st_size,st_info,st_other,st_shndx=struct.unpack('<IIIBBH', ent[:16])\n            n=getstr(strtab,st_name) if st_name<len(strtab) else ''\n            if n: syms.append((st_value,st_size,n))\nsyms.sort()\nprint('Highest 20 symbols:')\nfor v,sz,n in syms[-20:]:\n    print(f'  {v:08x} {sz:8} {n}')\nprint('Data segment: vaddr=0x466520 filesz=60288 memsz=1074049648')\nprint('BSS end would be: 0x%08x' % (0x466520+1074049648))\nPY\n"] min_timeout_sec: 0.2 max_timeout_sec: 180.0
Sending keys: ['grep -nE "I_ZoneBase|mainzone|ZONE|zone|malloc|basic_malloc|brk|sbrk|HEAP|heap" doomgeneric/doomgeneric/i_system.c doomgeneric/doomgeneric/z_zone.c doomgeneric/doomgeneric/my_stdlib.c | head -60\n'] min_timeout_sec: 0.1 max_timeout_sec: 180.0
Sending keys: ['awk \'NR>=1 && NR<=60 {printf "%4d %s\\n", NR, $0}\' doomgeneric/doomgeneric/i_system.c\n'] min_timeout_sec: 0.1 max_timeout_sec: 180.0
Trajectory dumped to runs/harbor-v21/athena-slowest-hard-failed7-retry-20260703T025916Z/make-mips-interpreter__Bj9PEXT/agent/trajectory.json
Sending keys: ["python3 - <<'PY'\nimport struct\nb=open('doomgeneric_mips','rb').read()\nri=struct.unpack_from('<IIIII', b, 240)\nprint('REGINFO raw:', [hex(x) for x in ri])\n# Try last 4 bytes as gp\nprint('gp=0x%08x' % ri[4])\nPY\n"] min_timeout_sec: 0.1 max_timeout_sec: 180.0
Sending keys: ['awk \'NR>=1 && NR<=80 {printf "%4d %s\\n", NR, $0}\' doomgeneric/doomgeneric/i_system.c\n'] min_timeout_sec: 0.1 max_timeout_sec: 180.0
Sending keys: ['grep -nE "I_ZoneBase|mainzone|ZONE|zone|malloc|basic_malloc|brk|sbrk|HEAP|heap" doomgeneric/doomgeneric/i_system.c doomgeneric/doomgeneric/z_zone.c doomgeneric/doomgeneric/my_stdlib.c | head -60\n'] min_timeout_sec: 0.1 max_timeout_sec: 180.0
Trajectory dumped to runs/harbor-v21/athena-slowest-hard-failed7-retry-20260703T025916Z/make-mips-interpreter__Bj9PEXT/agent/trajectory.json
Sending keys: ['python3 -c "import struct; b=open(\'doomgeneric_mips\',\'rb\').read(); ri=struct.unpack_from(\'<IIIII\', b, 240); print(\'REGINFO raw:\', [hex(x) for x in ri]); print(\'gp=0x%08x\' % ri[4])"\n'] min_timeout_sec: 0.1 max_timeout_sec: 180.0
Sending keys: ['awk \'NR>=60 && NR<=170 {printf "%4d %s\\n", NR, $0}\' doomgeneric/doomgeneric/i_system.c\n'] min_timeout_sec: 0.1 max_timeout_sec: 180.0
Sending keys: ['awk \'NR>=1390 && NR<=1460 {printf "%4d %s\\n", NR, $0}\' doomgeneric/doomgeneric/my_stdlib.c\n'] min_timeout_sec: 0.1 max_timeout_sec: 180.0
Trajectory dumped to runs/harbor-v21/athena-slowest-hard-failed7-retry-20260703T025916Z/make-mips-interpreter__Bj9PEXT/agent/trajectory.json
Sending keys: ['python3 -c "import struct; b=open(\'doomgeneric_mips\',\'rb\').read(); ri=struct.unpack_from(\'<IIIII\', b, 240); print(\'REGINFO raw:\', [hex(x) for x in ri]); print(\'gp=0x%08x\' % ri[4])"\n'] min_timeout_sec: 0.1 max_timeout_sec: 180.0
Sending keys: ['awk \'NR>=60 && NR<=170 {printf "%4d %s\\n", NR, $0}\' doomgeneric/doomgeneric/i_system.c\n'] min_timeout_sec: 0.1 max_timeout_sec: 180.0
Trajectory dumped to runs/harbor-v21/athena-slowest-hard-failed7-retry-20260703T025916Z/make-mips-interpreter__Bj9PEXT/agent/trajectory.json
Parser warnings: - No valid JSON object found
Sending keys: ['awk \'NR>=1390 && NR<=1420 {printf "%4d %s\\n", NR, $0}\' doomgeneric/doomgeneric/my_stdlib.c\n'] min_timeout_sec: 0.1 max_timeout_sec: 180.0
Sending keys: ['grep -nE "basic_malloc|static.*heap|heap_start|heap_end|sbrk|brk" doomgeneric/doomgeneric/my_stdlib.c | head -30\n'] min_timeout_sec: 0.1 max_timeout_sec: 180.0
Trajectory dumped to runs/harbor-v21/athena-slowest-hard-failed7-retry-20260703T025916Z/make-mips-interpreter__Bj9PEXT/agent/trajectory.json
Sending keys: ['awk \'NR>=945 && NR<=1010 {printf "%4d %s\\n", NR, $0}\' doomgeneric/doomgeneric/my_stdlib.c\n'] min_timeout_sec: 0.1 max_timeout_sec: 180.0
Sending keys: ['_trustedrouter_get_advice\n'] min_timeout_sec: 0.1 max_timeout_sec: 180.0
Trajectory dumped to runs/harbor-v21/athena-slowest-hard-failed7-retry-20260703T025916Z/make-mips-interpreter__Bj9PEXT/agent/trajectory.json
Trajectory dumped to runs/harbor-v21/athena-slowest-hard-failed7-retry-20260703T025916Z/make-mips-interpreter__Bj9PEXT/agent/trajectory.json
Sending keys: ["cat > vm.js << 'JSEOF'\n'use strict';\nconst fs = require('fs');\nconst path = require('path');\n\n// ===================== ELF Loading =====================\nconst ELF_FILENAME = 'doomgeneric_mips';\nconst elfBuffer = fs.readFileSync(ELF_FILENAME);\n\nfunction readU32LE(buf, off) { return buf.readUInt32LE(off); }\nfunction readU16LE(buf, off) { return buf.readUInt16LE(off); }\n\nconst e_entry = elfBuffer.readUInt32LE(24);\nconst e_phoff = elfBuffer.readUInt32LE(28);\nconst e_phentsize = elfBuffer.readUInt16LE(42);\nconst e_phnum = elfBuffer.readUInt16LE(44);\n\n// ===================== Paged Memory =====================\nconst PAGE_SIZE = 4096;\nconst PAGE_MASK = PAGE_SIZE - 1;\nconst PAGE_SHIFT = 12;\n\nclass Memory {\n  constructor() {\n    this.pages = new Map();\n    this.maxAddr = 0;\n  }\n  _getPage(addr) {\n    const pn = addr >>> PAGE_SHIFT;\n    let p = this.pages.get(pn);\n    if (!p) {\n      p = Buffer.alloc(PAGE_SIZE, 0);\n      this.pages.set(pn, p);\n    }\n    if (addr > this.maxAddr) this.maxAddr = addr;\n    return p;\n  }\n  read8(addr) {\n    addr = addr >>> 0;\n    const p = this.pages.get(addr >>> PAGE_SHIFT);\n    if (!p) return 0;\n    return p[addr & PAGE_MASK];\n  }\n  write8(addr, val) {\n    addr = addr >>> 0;\n    const p = this._getPage(addr);\n    p[addr & PAGE_MASK] = val & 0xff;\n  }\n  read16(addr) {\n    return this.read8(addr) | (this.read8(addr+1) << 8);\n  }\n  write16(addr, val) {\n    this.write8(addr, val & 0xff);\n    this.write8(addr+1, (val >>> 8) & 0xff);\n  }\n  read32(addr) {\n    addr = addr >>> 0;\n    const p = this.pages.get(addr >>> PAGE_SHIFT);\n    if (!p) return 0;\n    const off = addr & PAGE_MASK;\n    if (off <= PAGE_SIZE - 4) return p.readUInt32LE(off);\n    return this.read8(addr) | (this.read8(addr+1) << 8) | (this.read8(addr+2) << 16) | (this.read8(addr+3) << 24);\n  }\n  write32(addr, val) {\n    addr = addr >>> 0;\n    val = val >>> 0;\n    const p = this._getPage(addr);\n    const off = addr & PAGE_MASK;\n    if (off <= PAGE_SIZE - 4) {\n      p.writeUInt32LE(val, off);\n    } else {\n      this.write8(addr, val & 0xff);\n      this.write8(addr+1, (val >>> 8) & 0xff);\n      this.write8(addr+2, (val >>> 16) & 0xff);\n      this.write8(addr+3, (val >>> 24) & 0xff);\n    }\n  }\n  // Fast bulk read into a Buffer\n  readBytes(addr, len) {\n    const buf = Buffer.alloc(len);\n    for (let i = 0; i < len; i++) buf[i] = this.read8(addr + i);\n    return buf;\n  }\n  writeBytes(addr, buf, len) {\n    len = len || buf.length;\n    for (let i = 0; i < len; i++) this.write8(addr + i, buf[i]);\n  }\n  // Optimized read for consecutive 32-bit words from same page\n  read32Fast(addr) {\n    return this.read32(addr);\n  }\n}\n\nconst mem = new Memory();\n\n// Load program headers\nfor (let i = 0; i < e_phnum; i++) {\n  const off = e_phoff + i * e_phentsize;\n  const p_type = elfBuffer.readUInt32LE(off);\n  if (p_type !== 1) continue; // PT_LOAD\n  const p_offset = elfBuffer.readUInt32LE(off + 4);\n  const p_vaddr = elfBuffer.readUInt32LE(off + 8);\n  const p_filesz = elfBuffer.readUInt32LE(off + 16);\n  const p_memsz = elfBuffer.readUInt32LE(off + 20);\n  // Copy file content\n  for (let j = 0; j < p_filesz; j++) {\n    mem.write8(p_vaddr + j, elfBuffer[p_offset + j]);\n  }\n  // BSS is already zero (paged memory)\n  console.error(`[vm] Loaded segment vaddr=0x${p_vaddr.toString(16)} filesz=${p_filesz} memsz=${p_memsz}`);\n}\n\n// ===================== CPU State =====================\nconst R = new Uint32Array(32);\nconst HI = new Uint32Array(1);\nconst LO = new Uint32Array(1);\nconst PC = new Uint32Array(1);\nconst FCSR = new Uint32Array(1);\nconst F = new Float64Array(32); // FPU registers as double\nconst F32 = new Float32Array(32); // FPU as float\n// Use a single ArrayBuffer for FPU registers to allow reinterpretation\nconst fpuBuf = new ArrayBuffer(32 * 8);\nconst fpu64 = new Float64Array(fpuBuf);\nconst fpu32 = new Float32Array(fpuBuf);\nconst fpu32x2 = new Float32Array(32 * 2); // paired singles\n\nlet halt = false;\nlet exitCode = 0;\nlet icount = 0;\n\n// Stack setup\nconst STACK_TOP = 0x80000000;\nconst STACK_SIZE = 256 * 1024 * 1024; // 256MB stack space (sparse)\nR[29] = STACK_TOP - 16; // sp\nR[28] = 0; // gp (not set by REGINFO)\nR[31] = 0; // ra\nPC[0] = e_entry;\n\n// ===================== Helper Functions =====================\nfunction signExt16(val) { return (val & 0x8000) ? (val | 0xFFFF0000) : (val & 0xFFFF); }\nfunction signExt8(val) { return (val & 0x80) ? (val | 0xFFFFFF00) : (val & 0xFF); }\nfunction toS32(val) { return (val & 0x80000000) ? (val - 0x100000000) : val; }\nfunction toU32(val) { return val >>> 0; }\nfunction setReg(n, val) { if (n !== 0) R[n] = val >>> 0; }\nfunction setSReg(n, val) { if (n !== 0) R[n] = (val >>> 0); }\n\n// Memory access helpers for string\nfunction readCString(addr) {\n  let s = '';\n  let ch;\n  while ((ch = mem.read8(addr++)) !== 0) s += String.fromCharCode(ch);\n  return s;\n}\n\nfunction writeU32(addr, val) { mem.write32(addr, val); }\nfunction readU32(addr) { return mem.read32(addr); }\n\n// ===================== Syscall Handling =====================\n// MIPS Linux O32 syscall numbers used by this binary\nconst SYS_read = 0;\nconst SYS_write = 1;\nconst SYS_open = 2;\nconst SYS_close = 3;\nconst SYS_lseek = 8;\nconst SYS_exit = 60;\nconst SYS_gettimeofday = 96;\nconst SYS_nanosleep = 35;\nconst SYS_fsync = 74;\nconst SYS_time = 201;\n\n// File descriptor table for host files\nconst fds = new Map();\nlet nextFd = 10;\n\nfunction handleSyscall() {\n  const num = R[2]; // v0 = syscall number\n  const a0 = R[4], a1 = R[5], a2 = R[6], a3 = R[7];\n  // For MIPS O32, args 5-6 are on stack at sp[16], sp[20]\n  const a4 = mem.read32(R[29] + 16);\n  const a5 = mem.read32(R[29] + 20);\n  let result = 0;\n\n  switch (num) {\n    case SYS_write: {\n      const fd = a0;\n      const buf = a1;\n      const count = a2;\n      if (fd === 1 || fd === 2) {\n        const data = mem.readBytes(buf, count);\n        process.stderr.write(data);\n        result = count;\n      } else {\n        const hostFd = fds.get(fd);\n        if (hostFd !== undefined) {\n          const data = mem.readBytes(buf, count);\n          result = fs.writeSync(hostFd, data, 0, count);\n        } else {\n          result = -9; // EBADF\n        }\n      }\n      break;\n    }\n    case SYS_read: {\n      const fd = a0;\n      const buf = a1;\n      const count = a2;\n      if (fd === 0) {\n        result = 0; // no input\n      } else {\n        const hostFd = fds.get(fd);\n        if (hostFd !== undefined) {\n          const tmp = Buffer.alloc(count);\n          const n = fs.readSync(hostFd, tmp, 0, count, null);\n          mem.writeBytes(buf, tmp, n);\n          result = n;\n        } else {\n          result = -9;\n        }\n      }\n      break;\n    }\n    case SYS_open: {\n      const pathname = readCString(a0);\n      const flags = a1;\n      const mode = a2;\n      let hostFlags = 0;\n      // O_RDONLY=0, O_WRONLY=1, O_RDWR=2\n      const accmode = flags & 3;\n      if (accmode === 0) hostFlags |= fs.constants.O_RDONLY;\n      else if (accmode === 1) hostFlags |= fs.constants.O_WRONLY;\n      else hostFlags |= fs.constants.O_RDWR;\n      if (flags & 64) hostFlags |= fs.constants.O_CREAT;\n      if (flags & 512) hostFlags |= fs.constants.O_TRUNC;\n      if (flags & 1024) hostFlags |= fs.constants.O_APPEND;\n      try {\n        const fd = fs.openSync(pathname, hostFlags, mode);\n        const vfd = nextFd++;\n        fds.set(vfd, fd);\n        result = vfd;\n      } catch (e) {\n        result = -2; // ENOENT\n      }\n      break;\n    }\n    case SYS_close: {\n      const fd = a0;\n      if (fd < 10) { result = 0; break; }\n      const hostFd = fds.get(fd);\n      if (hostFd !== undefined) {\n        fs.closeSync(hostFd);\n        fds.delete(fd);\n        result = 0;\n      } else {\n        result = -9;\n      }\n      break;\n    }\n    case SYS_lseek: {\n      const fd = a0;\n      const offset = toS32(a1);\n      const whence = a2;\n      const hostFd = fds.get(fd);\n      if (hostFd !== undefined) {\n        // Use a large buffer seek via stat and read/write position tracking\n        // Node doesn't have lseekSync directly; emulate via a position map\n        // For simplicity, use lseekSync if available, otherwise track positions\n        // Actually fs.readSync/writeSync with position param handles it\n        // We'll track positions per fd\n        // For lseek, we need to know current position; let's use position tracking\n        // But we can use a simpler approach: use dup and a position map\n        // Let's track position explicitly\n        let pos = fdPositions.get(fd);\n        if (pos === undefined) pos = 0;\n        if (whence === 0) pos = offset; // SEEK_SET\n        else if (whence === 1) pos = pos + offset; // SEEK_CUR\n        else if (whence === 2) {\n          const st = fs.fstatSync(hostFd);\n          pos = st.size + offset;\n        }\n        fdPositions.set(fd, pos);\n        result = pos;\n      } else {\n        result = -9;\n      }\n      break;\n    }\n    case SYS_exit: {\n      halt = true;\n      exitCode = a0;\n      result = 0;\n      break;\n    }\n    case SYS_gettimeofday: {\n      const tv = a0;\n      if (tv) {\n        const now = Date.now();\n        const sec = Math.floor(now / 1000);\n        const usec = (now % 1000) * 1000;\n        mem.write32(tv, sec);\n        mem.write32(tv + 4, usec);\n      }\n      result = 0;\n      break;\n    }\n    case SYS_nanosleep: {\n      // Just return immediately, no actual sleep\n      result = 0;\n      break;\n    }\n    case SYS_time: {\n      result = Math.floor(Date.now() / 1000) & 0xFFFFFFFF;\n      break;\n    }\n    case SYS_fsync: {\n      const fd = a0;\n      const hostFd = fds.get(fd);\n      if (hostFd !== undefined) {\n        fs.fsyncSync(hostFd);\n      }\n      result = 0;\n      break;\n    }\n    default:\n      console.error(`[vm] Unhandled syscall ${num} at PC=0x${PC[0].toString(16)}`);\n      result = 0;\n      break;\n  }\n  R[2] = result >>> 0;\n  // a3 is set to 1 on error in MIPS Linux\n  if ((result & 0xFFFFFFFF) > 0xFFFFF000 || (result < 0 && result > -4096)) {\n    R[7] = 1; // error flag\n  } else {\n    R[7] = 0;\n  }\n}\n\nconst fdPositions = new Map();\n\n// ===================== Main Execution Loop =====================\n// Instruction decode and execute\n\nfunction executeInstruction() {\n  const pc = PC[0];\n  const instr = mem.read32(pc);\n  const opcode = instr >>> 26;\n  const rs = (instr >>> 21) & 31;\n  const rt = (instr >>> 16) & 31;\n  const rd = (instr >>> 11) & 31;\n  const shamt = (instr >>> 6) & 31;\n  const funct = instr & 0x3f;\n  const imm = instr & 0xffff;\n  const simm = signExt16(imm);\n  const target = instr & 0x3ffffff;\n  let nextPC = pc + 4;\n\n  switch (opcode) {\n    case 0x00: { // SPECIAL - R-type\n      switch (funct) {\n        case 0x00: // SLL\n          setReg(rd, R[rt] << shamt);\n          break;\n        case 0x02: // SRL\n          setReg(rd, R[rt] >>> shamt);\n          break;\n        case 0x03: // SRA\n          setReg(rd, toS32(R[rt]) >> shamt);\n          break;\n        case 0x04: // SLLV\n          setReg(rd, R[rt] << (R[rs] & 31));\n          break;\n        case 0x06: // SRLV\n          setReg(rd, R[rt] >>> (R[rs] & 31));\n          break;\n        case 0x07: // SRAV\n          setReg(rd, toS32(R[rt]) >> (R[rs] & 31));\n          break;\n        case 0x08: // JR\n          nextPC = R[rs];\n          break;\n        case 0x09: // JALR\n          setReg(rd, pc + 8);\n          nextPC = R[rs];\n          break;\n        case 0x0c: // SYSCALL\n          handleSyscall();\n          break;\n        case 0x0d: // BREAK\n          console.error(`[vm] BREAK at 0x${pc.toString(16)}`);\n          halt = true;\n          break;\n        case 0x10: // MFHI\n          setReg(rd, HI[0]);\n          break;\n        case 0x11: // MTHI\n          HI[0] = R[rs];\n          break;\n        case 0x12: // MFLO\n          setReg(rd, LO[0]);\n          break;\n        case 0x13: // MTLO\n          LO[0] = R[rs];\n          break;\n        case 0x18: { // MULT\n          const r = toS32(R[rs]) * toS32(R[rt]);\n          LO[0] = r & 0xFFFFFFFF;\n          HI[0] = (r / 0x100000000) & 0xFFFFFFFF;\n          break;\n        }\n        case 0x19: { // MULTU\n          const r = (R[rs] >>> 0) * (R[rt] >>> 0);\n          LO[0] = r & 0xFFFFFFFF;\n          HI[0] = Math.floor(r / 0x100000000) & 0xFFFFFFFF;\n          break;\n        }\n        case 0x1a: { // DIV\n          const a = toS32(R[rs]);\n          const b = toS32(R[rt]);\n          if (b !== 0) {\n            // MIPS truncates toward zero\n            const q = Math.trunc(a / b);\n            const r2 = a - q * b;\n            LO[0] = q & 0xFFFFFFFF;\n            HI[0] = r2 & 0xFFFFFFFF;\n          } else {\n            LO[0] = 0; HI[0] = 0;\n          }\n          break;\n        }\n        case 0x1b: { // DIVU\n          const a = R[rs] >>> 0;\n          const b = R[rt] >>> 0;\n          if (b !== 0) {\n            LO[0] = (a / b) & 0xFFFFFFFF;\n            HI[0] = (a % b) & 0xFFFFFFFF;\n          } else {\n            LO[0] = 0; HI[0] = 0;\n          }\n          break;\n        }\n        case 0x20: // ADD (treat as ADDU, no overflow)\n          setReg(rd, (R[rs] + R[rt]) >>> 0);\n          break;\n        case 0x21: // ADDU\n          setReg(rd, (R[rs] + R[rt]) >>> 0);\n          break;\n        case 0x22: // SUB\n          setReg(rd, (R[rs] - R[rt]) >>> 0);\n          break;\n        case 0x23: // SUBU\n          setReg(rd, (R[rs] - R[rt]) >>> 0);\n          break;\n        case 0x24: // AND\n          setReg(rd, R[rs] & R[rt]);\n          break;\n        case 0x25: // OR\n          setReg(rd, R[rs] | R[rt]);\n          break;\n        case 0x26: // XOR\n          setReg(rd, R[rs] ^ R[rt]);\n 0x27: // NOR\n          setReg(rd, ~(R[rs] | R[rt]));\n          break;\n        case 0x2a: // SLT\n          setReg(rd, toS32(R[rs]) < toS32(R[rt]) ? 1 : 0);\n          break;\n        case 0x2b: // SLTU\n          setReg(rd, (R[rs] >>> 0) < (R[rt] >>> 0) ? 1 : 0);\n          break;\n        case 0x0f: // SYNC\n          break;\n        case 0x01: // MOVCI - not commonly used\n          break;\n        default:\n          console.error(`[vm] Unhandled SPECIAL funct=0x${funct.toString(16)} at 0x${pc.toString(16)}`);\n          halt = true;\n          break;\n      }\n      break;\n    }\n    case 0x01: { // REGIMM\n      switch (rt) {\n        case 0x00: // BLTZ\n          if (toS32(R[rs]) < 0) nextPC = pc + 4 + (simm << 2);\n          break;\n        case 0x01: // BGEZ\n          if (toS32(R[rs]) >= 0) nextPC = pc + 4 + (simm << 2);\n          break;\n        case 0x02: // BLTZL\n          if (toS32(R[rs]) < 0) nextPC = pc + 4 + (simm << 2);\n          else setReg(31, pc + 8); // actually skip delay slot? No, BLTZL nullifies\n          // Actually BLTZL: if condition false, nullify delay slot\n          // For simplicity, we handle delay slot by executing it always\n          break;\n        case 0x03: // BGEZL\n          if (toS32(R[rs]) >= 0) nextPC = pc + 4 + (simm << 2);\n          break;\n        case 0x10: // BLTZAL\n          setReg(31, pc + 8);\n          if (toS32(R[rs]) < 0) nextPC = pc + 4 + (simm << 2);\n          break;\n        case 0x11: // BGEZAL\n          setReg(31, pc + 8);\n          if (toS32(R[rs]) >= 0) nextPC = pc + 4 + (simm << 2);\n          break;\n        default:\n          console.error(`[vm] Unhandled REGIMM rt=0x${rt.toString(16)} at 0x${pc.toString(16)}`);\n          halt = true;\n          break;\n      }\n      break;\n    }\n    case 0x02: { // J\n      nextPC = ((pc + 4) & 0xF0000000) | (target << 2);\n      break;\n    }\n    case 0x03: { // JAL\n      setReg(31, pc + 8);\n      nextPC = ((pc + 4) & 0xF0000000) | (target << 2);\n      break;\n    }\n    case 0x04: { // BEQ\n      if (R[rs] === R[rt]) nextPC = pc + 4 + (simm << 2);\n      break;\n    }\n    case 0x05: { // BNE\n      if (R[rs] !== R[rt]) nextPC = pc + 4 + (simm << 2);\n      break;\n    }\n    case 0x06: { // BLEZ\n      if (toS32(R[rs]) <= 0) nextPC = pc + 4 + (simm << 2);\n      break;\n    }\n    case 0x07: { // BGTZ\n      if (toS32(R[rs]) > 0) nextPC = pc + 4 + (simm << 2);\n      break;\n    }\n    case 0x08: { // ADDI\n      setReg(rt, (R[rs] + simm) >>> 0);\n      break;\n    }\n    case 0x09: { // ADDIU\n      setReg(rt, (R[rs] + simm) >>> 0);\n      break;\n    }\n    case 0x0a: { // SLTI\n      setReg(rt, toS32(R[rs]) < simm ? 1 : 0);\n      break;\n    }\n    case 0x0b: { // SLTIU\n      setReg(rt, (R[rs] >>> 0) < (simm >>> 0) ? 1 : 0);\n      break;\n    }\n    case 0x0c: { // ANDI\n      setReg(rt, R[rs] & imm);\n      break;\n    }\n    case 0x0d: { // ORI\n      setReg(rt, R[rs] | imm);\n      break;\n    }\n    case 0x0e: { // XORI\n      setReg(rt, R[rs] ^ imm);\n      break;\n    }\n    case 0x0f: { // LUI\n      setReg(rt, (imm << 16) >>> 0);\n      break;\n    }\n    case 0x10: { // COP0 - coprocessor 0\n      // Mostly ignore, but handle MFC0/MTC0 if needed\n      break;\n    }\n    case 0x11: { // COP1 - FPU\n      const fmt = (instr >>> 21) & 31;\n      const ft = (instr >>> 16) & 31;\n      const fs = (instr >>> 11) & 31;\n      const fd = (instr >>> 6) & 31;\n      const ffunct = instr & 0x3f;\n      if (instr & 0x20000000) {\n        // BC1 instructions\n        const bcct = (instr >>> 16) & 31;\n        const offset = simm << 2;\n        if (bcct === 0) { // BC1F\n          if (!(FCSR[0] & 0x80000000)) nextPC = pc + 4 + offset;\n        } else if (bcct === 1) { // BC1T\n          if (FCSR[0] & 0x80000000) nextPC = pc + 4 + offset;\n        }\n        break;\n      }\n      switch (fmt) {\n        case 0: { // MFC1\n          // Read low 32 bits of FPU register\n          const freg = fpu32[fs * 2];\n          setReg(rt, freg | 0);\n          // Actually need to reinterpret bits\n          const buf = Buffer.alloc(4);\n          buf.writeFloatLE(fpu32[fs * 2], 0);\n          setReg(rt, buf.readUInt32LE(0));\n          break;\n        }\n        case 2: { // CFC1\n          if (fs === 0) setReg(rt, FCSR[0]);\n          break;\n        }\n        case 4: { // MTC1\n          fpu32[rt * 2] = Math.fround(R[rs]);\n          // Actually need to write bits, not convert\n          const buf = Buffer.alloc(4);\n          buf.writeUInt32LE(R[rs], 0);\n          fpu32[fs * 2] = buf.readFloatLE(0);\n          break;\n        }\n        case 6: { // CTC1\n          if (fs === 0) FCSR[0] = R[rs];\n          break;\n        }\n        case 0x10: { // S (single)\n          switch (ffunct) {\n            case 0x00: // ADD.S\n              fpu32[fd * 2] = Math.fround(fpu32[fs * 2] + fpu32[ft * 2]);\n              break;\n            case 0x01: // SUB.S\n              fpu32[fd * 2] = Math.fround(fpu32[fs * 2] - fpu32[ft * 2]);\n              break;\n            case 0x02: // MUL.S\n              fpu32[fd * 2] = Math.fround(fpu32[fs * 2] * fpu32[ft * 2]);\n          break;\n            case 0x03: // DIV.S\n              fpu32[fd * 2] = Math.fround(fpu32[fs * 2] / fpu32[ft * 2]);\n              break;\n            case 0x04: // SQRT.S\n              fpu32[fd * 2] = Math.fround(Math.sqrt(fpu32[fs * 2]));\n              break;\n            case 0x05: // ABS.S\n              fpu32[fd * 2] = Math.fround(Math.abs(fpu32[fs * 2]));\n              break;\n            case 0x06: // MOV.S\n              fpu32[fd * 2] = fpu32[fs * 2];\n          break;\n            case 0x07: // NEG.S\n              fpu32[fd * 2] = Math.fround(-fpu32[fs * 2]);\n          break;\n            case 0x0d: // TRUNC.W.S\n              {\n                const v = fpu32[fs * 2];\n                const iv = Math.trunc(v) | 0;\n                const buf = Buffer.alloc(4);\n              buf.writeInt32LE(iv, 0);\n              fpu32[fd * 2] = buf.readFloatLE(0);\n              break;\n              }\n            case 0x24: // CVT.W.S\n              {\n                const v = fpu32[fs * 2];\n                let iv;\n                // MIPS round to nearest\n                iv = Math.round(v) | 0;\n                const buf = Buffer.alloc(4);\n                buf.writeInt32LE(iv, 0);\n                fpu32[fd * 2] = buf.readFloatLE(0);\n              break;\n              }\n            case 0x20: // CVT.S.S (no-op essentially)\n              fpu32[fd * 2] = fpu32[fs * 2];\n              break;\n            case 0x21: // CVT.D.S\n              fpu64[fd] = fpu32[fs * 2];\n              break;\n            default: {\n              // Comparison instructions\n              if (ffunct >= 0x30 && ffunct <= 0x3f) {\n                const a = fpu32[fs * 2];\n                const b = fpu32[ft * 2];\n                let cond = false;\n                switch (ffunct) {\n                  case 0x30: cond = (a < b); break; // C.F - actually F means false\n                  case 0x31: cond = (a < b); break; // C.UN\n                  case 0x32: cond = (a == b); break; // C.EQ\n                  case 0x33: cond = (a != b); break; // C.UEQ\n                  case 0x34: cond = (a < b); break; // C.OLT\n                  case 0x35: cond = (a <= b); break; // C.ULE -> actually OLT is <, ULE is <=\n                  case 0x36: cond = (a < b); break; // C.ULT -> OLT is <, ULT is <? (unordered or less)\n                  case 0x37: cond = (a <= b); break; // C.OLE -> ULE is <=, OLE is <=\n                }\n                // Hmm, let me use standard MIPS comparison codes:\n                // 0x30 C.F (false), 0x31 C.UN (unordered), 0x32 C.EQ (equal), 0x33 C.UEQ, 0x34 C.OLT (less), 0x35 C.ULE (less/equal), 0x36 C.USE (not sure), 0x37 C.OLE\n                // For Doom, likely only C.LT and C.LE are used\n                FCSR[0] = cond ? (FCSR[0] | 0x80000000) : (FCSR[0] & ~0x80000000);\n              } else {\n                console.error(`[vm] Unhandled COP1 S funct=0x${ffunct.toString(16)} at 0x${pc.toString(16)}`);\n                halt = true;\n              }\n              break;\n            }\n          }\n          break;\n        }\n        case 0x11: { // D (double)\n          switch (ffunct) {\n            case 0x00: fpu64[fd] = fpu64[fs] + fpu64[ft]; break; // ADD.D\n            case 0x01: fpu64[fd] = fpu64[fs] - fpu64[ft]; break; // SUB.D\n            case 0x02: fpu64[fd] = fpu64[fs] * fpu64[ft]; break; // MUL.D\n            case 0x03: fpu64[fd] = fpu64[fs] / fpu64[ft]; break; // DIV.D\n            case 0x06: fpu64[fd] = fpu64[fs]; break; // MOV.D\n            case 0x07: fpu64[fd] = -fpu64[fs]; break; // NEG.D\n            case 0x04: fpu64[fd] = Math.sqrt(fpu64[fs]); break; // SQRT.D\n            case 0x05: fpu64[fd] = Math.abs(fpu64[fs]); break; // ABS.D\n            case 0x0d: { // TRUNC.W.D\n              const iv = Math.trunc(fpu64[fs]) | 0;\n              const buf = Buffer.alloc(4);\n              buf.writeInt32LE(iv, 0);\n              fpu32[fd * 2] = buf.readFloatLE(0);\n              break;\n            }\n            case 0x24: { // CVT.W.D\n              const iv = Math.round(fpu64[fs]) | 0;\n              const buf = Buffer.alloc(4);\n              buf.writeInt32LE(iv, 0);\n              fpu32[fd * 2] = buf.readFloatLE(0);\n              break;\n            }\n            case 0x20: { // CVT.S.D\n              fpu32[fd * 2] = Math.fround(fpu64[fs]);\n              break;\n            }\n            case 0x21: { // CVT.D.D\n              fpu64[fd] = fpu64[fs];\n          break;\n            }\n            default:\n              if (ffunct >= 0x30 && ffunct <= 0x3f) {\n                const a = fpu64[fs];\n                const b = fpu64[ft];\n                let cond = false;\n                switch (ffunct) {\n                  case 0x30: cond = false; break; // C.F\n                  case 0x31: cond = isNaN(a) || isNaN(b); break; // C.UN\n                  case 0x32: cond = (a === b); break; // C.EQ\n                  case 0x34: cond = (a < b); break; // C.OLT\n                  case 0x35: cond = (a <= b); break; // C.OLE\n                  default: cond = false; break;\n                }\n                FCSR[0] = cond ? (FCSR[0] | 0x80000000) : (FCSR[0] & ~0x80000000);\n              } else {\n                console.error(`[vm] Unhandled COP1 D funct=0x${ffunct.toString(16)} at 0x${pc.toString(16)}`);\n                halt = true;\n              }\n              break;\n          }\n          break;\n        }\n        case 0x14: { // W (word) - convert from word to float/double\n          switch (ffunct) {\n            case 0x20: { // CVT.S.W\n              const buf = Buffer.alloc(4);\n              buf.writeFloatLE(fpu32[fs * 2], 0);\n              const iv = buf.readInt32LE(0);\n              fpu32[fd * 2] = Math.fround(iv);\n              break;\n            }\n            case 0x21: { // CVT.D.W\n              const buf = Buffer.alloc(4);\n              buf.writeFloatLE(fpu32[fs * 2], 0);\n              const iv = buf.readInt32LE(0);\n              fpu64[fd] = iv;\n          break;\n            }\n            default:\n              console.error(`[vm] Unhandled COP1 W funct=0x${ffunct.toString(16)} at 0x${pc.toString(16)}`);\n              halt = true;\n              break;\n          }\n          break;\n        }\n        case 0x15: { // L (long) - not likely used but handle CVT.S.L and CVT.D.L\n          switch (ffunct) {\n            case 0x20: fpu32[fd * 2] = Math.fround(fpu64[fs]); break;\n            case 0x21: fpu64[fd] = fpu64[fs]; break;\n            default:\n              console.error(`[vm] Unhandled COP1 L funct=0x${ffunct.toString(16)} at 0x${pc.toString(16)}`);\n              halt = true;\n              break;\n          }\n          break;\n        }\n        default:\n          console.error(`[vm] Unhandled COP1 fmt=0x${fmt.toString(16)} at 0x${pc.toString(16)}`);\n          halt = true;\n          break;\n      }\n      break;\n    }\n    case 0x20: { // LB\n      const addr = (R[rs] + simm) >>> 0;\n      const v = mem.read8(addr);\n      setReg(rt, signExt8(v));\n      break;\n    }\n    case 0x21: { // LH\n      const addr = (R[rs] + simm) >>> 0;\n      const v = mem.read16(addr);\n      setReg(rt, signExt16(v));\n      break;\n    }\n    case 0x23: { // LW\n      const addr = (R[rs] + simm) >>> 0;\n      setReg(rt, mem.read32(addr));\n      break;\n    }\n    case 0x24: { // LBU\n      const addr = (R[rs] + simm) >>> 0;\n      setReg(rt, mem.read8(addr));\n      break;\n    }\n    case 0x25: { // LHU\n      const addr = (R[rs] + simm) >>> 0;\n      setReg(rt, mem.read16(addr));\n      break;\n    }\n    case 0x28: { // SB\n      const addr = (R[rs] + simm) >>> 0;\n      mem.write8(addr, R[rt] & 0xff);\n      break;\n    }\n    case 0x29: { // SH\n      const addr = (R[rs] + simm) >>> 0;\n      mem.write16(addr, R[rt] & 0xffff);\n      break;\n    }\n    case 0x2b: { // SW\n      const addr = (R[rs] + simm) >>> 0;\n      mem.write32(addr, R[rt]);\n      break;\n    }\n    case 0x2f: { // SWC3 - not standard, ignore\n      break;\n    }\n    case 0x31: { // LWC1 - load single to FPU\n      const addr = (R[rs] + simm) >>> 0;\n      const v = mem.read32(addr);\n      const buf = Buffer.alloc(4);\n      buf.writeUInt32LE(v, 0);\n      fpu32[rt * 2] = buf.readFloatLE(0);\n      break;\n    }\n    case 0x35: { // LDC1 - load double to FPU\n      const addr = (R[rs] + simm) >>> 0;\n      const lo = mem.read32(addr);\n      const hi = mem.read32(addr + 4);\n      const buf = Buffer.alloc(8);\n      buf.writeUInt32LE(lo, 0);\n      buf.writeUInt32LE(hi, 4);\n      fpu64[rt] = buf.readDoubleLE(0);\n      break;\n    }\n    case 0x39: { // SWC1 - store single from FPU\n      const addr = (R[rs] + simm) >>> 0;\n      const buf = Buffer.alloc(4);\n      buf.writeFloatLE(fpu32[rt * 2], 0);\n      mem.write32(addr, buf.readUInt32LE(0));\n      break;\n    }\n    case 0x3d: { // SDC1 - store double from FPU\n      const addr = (R[rs] + simm) >>> 0;\n      const buf = Buffer.alloc(8);\n      buf.writeDoubleLE(fpu64[rt], 0);\n      mem.write32(addr, buf.readUInt32LE(0));\n      mem.write32(addr + 4, buf.readUInt32LE(4));\n      break;\n    }\n    case 0x1c: { // SPECIAL2 - MUL etc\n      switch (funct) {\n        case 0x02: { // MUL\n          const r = toS32(R[rs]) * toS32(R[rt]);\n          setReg(rd, r & 0xFFFFFFFF);\n          break;\n        }\n        case 0x00: { // MADD\n          const r = toS32(R[rs]) * toS32(R[rt]);\n          const acc = (HI[0] * 0x100000000 + LO[0]) | 0;\n          const sum = acc + r;\n          LO[0] = sum & 0xFFFFFFFF;\n          HI[0] = Math.floor(sum / 0x100000000) & 0xFFFFFFFF;\n          break;\n        }\n        case 0x01: { // MADDU\n          const r = (R[rs] >>> 0) * (R[rt] >>> 0);\n          const acc = (HI[0] * 0x100000000 + LO[0]);\n          const sum = acc + r;\n          LO[0] = sum & 0xFFFFFFFF;\n          HI[0] = Math.floor(sum / 0x100000000) & 0xFFFFFFFF;\n          break;\n        }\n        case 0x20: { // CLZ\n          let v = R[rs] >>> 0;\n          let c = 0;\n          for (let i = 31; i >= 0; i--) {\n            if (v & (1 << i)) break;\n            c++;\n          }\n          setReg(rd, c);\n          break;\n        }\n        case 0x21: { // CLO\n          let v = R[rs] >>> 0;\n          let c = 0;\n          for (let i = 31; i >= 0; i--) {\n            if (!(v & (1 << i))) break;\n            c++;\n          }\n          setReg(rd, c);\n          break;\n        }\n        default:\n          console.error(`[vm] Unhandled SPECIAL2 funct=0x${funct.toString(16)} at 0x${pc.toString(16)}`);\n          halt = true;\n          break;\n      }\n      break;\n    }\n    case 0x1f: { // SPECIAL3\n      switch (funct) {\n        case 0x20: { // BSHFL - ext, ins, seb, seh, wsbh\n          const sa = shamt;\n          if (sa === 0x10) { // SEB\n            setReg(rd, signExt8(R[rt] & 0xff));\n          } else if (sa === 0x18) { // SEH\n            setReg(rd, signExt16(R[rt] & 0xffff));\n          } else if (sa === 0x02) { // WSBH\n            const v = R[rt];\n            setReg(rd, ((v & 0x00ff00ff) << 8) | ((v & 0xff00ff00) >>> 8));\n          } else {\n            // EXT/INS are different funct, ignore for now\n            console.error(`[vm] Unhandled BSHFL sa=0x${sa.toString(16)} at 0x${pc.toString(16)}`);\n          }\n          break;\n        }\n        case 0x00: { // EXT\n          const pos = sa;\n          const size = rd + 1;\n          const mask = (1 << size) - 1;\n          setReg(rt, (R[rs] >>> pos) & mask);\n          break;\n        }\n        case 0x04: { // INS\n          const pos = sa;\n          const size = rd + 1 - pos;\n          const mask = ((1 << size) - 1) << pos;\n          setReg(rt, (R[rt] & ~mask) | ((R[rs] << pos) & mask));\n          break;\n        }\n        default:\n          console.error(`[vm] Unhandled SPECIAL3 funct=0x${funct.toString(16)} at 0x${pc.toString(16)}`);\n          halt = true;\n          break;\n      }\n      break;\n    }\n    default:\n      console.error(`[vm] Unhandled opcode 0x${opcode.toString(16)} at 0x${pc.toString(16)} instr=0x${instr.toString(16)}`);\n      halt = true;\n      break;\n  }\n\n  PC[0] = nextPC >>> 0;\n  icount++;\n}\n\n// ===================== Execution =====================\nconst MAX_INSTRUCTIONS = 2000000000; // 2 billion instruction limit\nconst SYSCALL_CHECK_INTERVAL = 100000;\n\nfunction run() {\n  let count = 0;\n  while (!halt) {\n    executeInstruction();\n    count++;\n    if (count % SYSCALL_CHECK_INTERVAL === 0) {\n      if (icount > MAX_INSTRUCTIONS) {\n        console.error('[vm] Instruction limit reached');\n        break;\n      }\n    }\n  }\n  if (halt) {\n    console.error(`[vm] Program exited with code ${exitCode}`);\n  }\n  process.exit(exitCode);\n}\n\nrun();\nJSEOF\n"] min_timeout_sec: 1.0 max_timeout_sec: 180.0
Trajectory dumped to runs/harbor-v21/athena-slowest-hard-failed7-retry-20260703T025916Z/make-mips-interpreter__Bj9PEXT/agent/trajectory.json
Sending keys: ['node --check vm.js 2>&1 | head -20\n'] min_timeout_sec: 0.1 max_timeout_sec: 180.0
Trajectory dumped to runs/harbor-v21/athena-slowest-hard-failed7-retry-20260703T025916Z/make-mips-interpreter__Bj9PEXT/agent/trajectory.json
Sending keys: ['grep -n "0x27:" vm.js\n'] min_timeout_sec: 0.1 max_timeout_sec: 180.0
Sending keys: ['timeout 10 node vm.js 2>&1 | head -80\n'] min_timeout_sec: 5.0 max_timeout_sec: 180.0
Trajectory dumped to runs/harbor-v21/athena-slowest-hard-failed7-retry-20260703T025916Z/make-mips-interpreter__Bj9PEXT/agent/trajectory.json
Sending keys: ["sed -i 's/^ 0x27: // NOR/        case 0x27: \\/\\/ NOR/' vm.js\n"] min_timeout_sec: 0.1 max_timeout_sec: 180.0
Sending keys: ['node --check vm.js 2>&1 | head -20\n'] min_timeout_sec: 0.1 max_timeout_sec: 180.0
Trajectory dumped to runs/harbor-v21/athena-slowest-hard-failed7-retry-20260703T025916Z/make-mips-interpreter__Bj9PEXT/agent/trajectory.json
Sending keys: ['python3 -c "\nlines = open(\'vm.js\').readlines()\nfor i,l in enumerate(lines):\n    if \'0x27: // NOR\' in l and l.strip().startswith(\'0x27\'):\n        lines[i] = \'        case 0x27: // NOR\\n\'\nopen(\'vm.js\',\'w\').writelines(lines)\nprint(\'fixed\')\n"\n'] min_timeout_sec: 0.1 max_timeout_sec: 180.0
Sending keys: ["sed -n '455,465p' vm.js\n"] min_timeout_sec: 0.1 max_timeout_sec: 180.0
Sending keys: ['node --check vm.js 2>&1 | head -20\n'] min_timeout_sec: 0.1 max_timeout_sec: 180.0
Trajectory dumped to runs/harbor-v21/athena-slowest-hard-failed7-retry-20260703T025916Z/make-mips-interpreter__Bj9PEXT/agent/trajectory.json
Sending keys: ['python3 -c "\nlines = open(\'vm.js\').readlines()\nfor i,l in enumerate(lines):\n    if \'case 0x26: // XOR\' in l:\n        # find the next line with setReg and add break after it\n        lines[i+1] = \'          setReg(rd, R[rs] ^ R[rt]);\\n          break;\\n\'\n        break\nopen(\'vm.js\',\'w\').writelines(lines)\nprint(\'fixed break\')\n"\n'] min_timeout_sec: 0.1 max_timeout_sec: 180.0
Sending keys: ["sed -n '455,465p' vm.js\n"] min_timeout_sec: 0.1 max_timeout_sec: 180.0
Sending keys: ['timeout 10 node vm.js 2>&1 | head -80\n'] min_timeout_sec: 5.0 max_timeout_sec: 180.0
Trajectory dumped to runs/harbor-v21/athena-slowest-hard-failed7-retry-20260703T025916Z/make-mips-interpreter__Bj9PEXT/agent/trajectory.json
Sending keys: ["cat > vm.js << 'JSEOF'\n'use strict';\nconst fs = require('fs');\n\n// ===================== ELF Loading =====================\nconst elf = fs.readFileSync('doomgeneric_mips');\nconst entry = elf.readUInt32LE(24);\nconst phoff = elf.readUInt32LE(28);\nconst phentsize = elf.readUInt16LE(42);\nconst phnum = elf.readUInt16LE(44);\n\n// ===================== Paged Memory =====================\nconst pages = new Map();\nfunction getPage(pn) {\n  let p = pages.get(pn);\n  if (!p) { p = Buffer.alloc(4096, 0); pages.set(pn, p); }\n  return p;\n}\nfunction read8(a) {\n  a = a >>> 0;\n  const p = pages.get(a >>> 12);\n  return p ? p[a & 0xFFF] : 0;\n}\nfunction write8(a, v) {\n  a = a >>> 0;\n  const p = getPage(a >>> 12);\n  p[a & 0xFFF] = v & 0xFF;\n}\nfunction read16(a) { return read8(a) | (read8(a + 1) << 8); }\nfunction write16(a, v) { write8(a, v); write8(a + 1, v >>> 8); }\nfunction read32(a) {\n  a = a >>> 0;\n  const p = pages.get(a >>> 12);\n  if (!p) return 0;\n  const o = a & 0xFFF;\n  if (o <= 0xFFC) return p.readUInt32LE(o);\n  return read8(a) | (read8(a+1) << 8) | (read8(a+2) << 16) | (read8(a+3) << 24);\n}\nfunction write32(a, v) {\n  a = a >>> 0; v = v >>> 0;\n  const p = getPage(a >>> 12);\n  const o = a & 0xFFF;\n  if (o <= 0xFFC) p.writeUInt32LE(v, o);\n  else { write8(a, v); write8(a+1, v >>> 8); write8(a+2, v >>> 16); write8(a+3, v >>> 24); }\n}\nfunction readBytes(a, n) {\n  const b = Buffer.alloc(n);\n  for (let i = 0; i < n; i++) b[i] = read8(a + i);\n  return b;\n}\nfunction writeBytes(a, b, n) {\n  n = n || b.length;\n  for (let i = 0; i < n; i++) write8(a + i, b[i]);\n}\nfunction readCString(a) {\n  let s = '', ch;\n  while ((ch = read8(a++)) !== 0) s += String.fromCharCode(ch);\n  return s;\n}\n\n// Load ELF segments\nfor (let i = 0; i < phnum; i++) {\n  const o = phoff + i * phentsize;\n  if (elf.readUInt32LE(o) !== 1) continue;\n  const p_offset = elf.readUInt32LE(o + 4);\n  const p_vaddr = elf.readUInt32LE(o + 8);\n  const p_filesz = elf.readUInt32LE(o + 16);\n  for (let j = 0; j < p_filesz; j++) write8(p_vaddr + j, elf[p_offset + j]);\n  process.stderr.write(`[vm] Loaded segment vaddr=0x${p_vaddr.toString(16)} filesz=${p_filesz}\\n`);\n}\n\n// ===================== CPU State =====================\nconst R = new Uint32Array(32);\nlet HI = 0, LO = 0;\nlet pc = entry, nextPc = entry + 4;\nlet fcsr = 0;\nconst fpuBuf = new ArrayBuffer(256);\nconst fpu64 = new Float64Array(fpuBuf);\nconst fpu32 = new Float32Array(fpuBuf);\nconst fpu32i = new Uint32Array(fpuBuf);\n\nlet halt = false, exitCode = 0, icount = 0;\n\n// Stack\nR[29] = 0x7FFFF000;\nR[31] = 0;\n\n// ===================== Frame Dumping =====================\nconst DG_DrawFrame_addr = 0x4395e4;\nconst DG_ScreenBuffer_addr = 0x4b0a40;\nlet frameCount = 0;\n\nfunction dumpFrame() {\n  const screenPtr = read32(DG_ScreenBuffer_addr);\n  if (screenPtr === 0) return;\n  const W = 640, H = 400;\n  const imgSize = W * H * 4;\n  const fileSize = 54 + imgSize;\n  const bmp = Buffer.alloc(fileSize, 0);\n  bmp.writeUInt16LE(0x4D42, 0);\n  bmp.writeUInt32LE(fileSize, 2);\n  bmp.writeUInt32LE(54, 10);\n  bmp.writeUInt32LE(40, 14);\n  bmp.writeInt32LE(W, 18);\n  bmp.writeInt32LE(-H, 22);\n  bmp.writeUInt16LE(1, 26);\n  bmp.writeUInt16LE(32, 28);\n  bmp.writeUInt32LE(imgSize, 34);\n  for (let i = 0; i < W * H; i++) {\n    bmp.writeUInt32LE(read32(screenPtr + i * 4), 54 + i * 4);\n  }\n  fs.writeFileSync('/tmp/frame.bmp', bmp);\n  frameCount++;\n  process.stderr.write(`[vm] Saved frame ${frameCount} to /tmp/frame.bmp (${fileSize} bytes)\\n`);\n}\n\n// ===================== Syscall Handling =====================\nconst fds = new Map();\nlet nextFd = 10;\n\nfunction handleSyscall() {\n  const num = R[2];\n  const a0 = R[4], a1 = R[5], a2 = R[6], a3 = R[7];\n  let result = 0;\n\n  switch (num) {\n    case 1: { // SYS_write\n      const fd = a0, buf = a1, count = a2;\n      if (fd === 1 || fd === 2) {\n        const data = readBytes(buf, count);\n        process.stderr.write(data);\n        result = count;\n      } else {\n        const fdo = fds.get(fd);\n        if (fdo) {\n          const data = readBytes(buf, count);\n          result = fs.writeSync(fdo.fd, data, 0, count, fdo.pos);\n          fdo.pos += result;\n        } else result = -9;\n      }\n      break;\n    }\n    case 0: { // SYS_read\n      const fd = a0, buf = a1, count = a2;\n      if (fd === 0) { result = 0; }\n      else {\n        const fdo = fds.get(fd);\n        if (fdo) {\n          const data = Buffer.alloc(count);\n          result = fs.readSync(fdo.fd, data, 0, count, fdo.pos);\n          for (let i = 0; i < result; i++) write8(buf + i, data[i]);\n          fdo.pos += result;\n        } else result = -9;\n      }\n      break;\n    }\n    case 2: { // SYS_open\n      const path = readCString(a0);\n      const flags = a1, mode = a2;\n      let hf = 0;\n      const acc = flags & 3;\n      if (acc === 0) hf |= fs.constants.O_RDONLY;\n      else if (acc === 1) hf |= fs.constants.O_WRONLY;\n      else hf |= fs.constants.O_RDWR;\n      if (flags & 64) hf |= fs.constants.O_CREAT;\n      if (flags & 512) hf |= fs.constants.O_TRUNC;\n      if (flags & 1024) hf |= fs.constants.O_APPEND;\n      try {\n        const fd = fs.openSync(path, hf, mode);\n        const vfd = nextFd++;\n        fds.set(vfd, { fd, pos: 0 });\n        result = vfd;\n      } catch (e) { result = -2; }\n      break;\n    }\n    case 3: { // SYS_close\n      const fdo = fds.get(a0);\n      if (fdo) { fs.closeSync(fdo.fd); fds.delete(a0); }\n      result = 0;\n      break;\n    }\n    case 8: { // SYS_lseek\n      const fdo = fds.get(a0);\n      if (fdo) {\n        const off = a0 === 0 ? 0 : (a1 | 0);\n        const whence = a2;\n        if (whence === 0) fdo.pos = off;\n        else if (whence === 1) fdo.pos += off;\n        else if (whence === 2) { const st = fs.fstatSync(fdo.fd); fdo.pos = st.size + off; }\n        result = fdo.pos;\n      } else result = -9;\n      break;\n    }\n    case 60: { halt = true; exitCode = a0; break; } // SYS_exit\n    case 96: { // SYS_gettimeofday\n      if (a0) {\n        const now = Date.now();\n        write32(a0, Math.floor(now / 1000));\n        write32(a0 + 4, (now % 1000) * 1000);\n      }\n      result = 0;\n      break;\n    }\n    case 35: { result = 0; break; } // SYS_nanosleep\n    case 201: { result = Math.floor(Date.now() / 1000) >>> 0; break; } // SYS_time\n    case 74: { // SYS_fsync\n      const fdo = fds.get(a0);\n      if (fdo) fs.fsyncSync(fdo.fd);\n      result = 0;\n      break;\n    }\n    default:\n      process.stderr.write(`[vm] Unhandled syscall ${num} at PC=0x${pc.toString(16)}\\n`);\n      result = 0;\n      break;\n  }\n  R[2] = result >>> 0;\n  R[7] = (result < 0 && result > -4096) ? 1 : 0;\n}\n\n// ===================== Helpers =====================\nfunction s16(v) { return (v & 0x8000) ? (v | 0xFFFF0000) : (v & 0xFFFF); }\nfunction s8(v) { return (v & 0x80) ? (v | 0xFFFFFF00) : (v & 0xFF); }\nfunction s32(v) { return (v & 0x80000000) ? (v - 0x100000000) : v; }\n\nfunction mulu32(a, b) {\n  a = a >>> 0; b = b >>> 0;\n  const aL = a & 0xFFFF, aH = a >>> 16;\n  const bL = b & 0xFFFF, bH = b >>> 16;\n  const ll = aL * bL, lh = aL * bH, hl = aH * bL, hh = aH * bH;\n  const mid = (ll >>> 16) + (lh & 0xFFFF) + (hl & 0xFFFF);\n  const lo = (ll & 0xFFFF) | ((mid & 0xFFFF) << 16);\n  const hi = hh + (lh >>> 16) + (hl >>> 16) + (mid >>> 16);\n  return [hi >>> 0, lo >>> 0];\n}\n\n// ===================== Main Execution Loop =====================\nconst startTime = Date.now();\nlet lastReport = 0;\n\nwhile (!halt) {\n  // Frame dump hook: when about to enter DG_DrawFrame, dump the screen buffer\n  if (pc === DG_DrawFrame_addr) {\n    dumpFrame();\n  }\n\n  const instr = read32(pc);\n  const op = instr >>> 26;\n  const rs = (instr >>> 21) & 31;\n  const rt = (instr >>> 16) & 31;\n  const rd = (instr >>> 11) & 31;\n  const sa = (instr >>> 6) & 31;\n  const funct = instr & 0x3f;\n  const imm = instr & 0xFFFF;\n  const simm = s16(imm);\n  const target = instr & 0x3FFFFFF;\n\n  // pc/nextPc model for delay slots:\n  // newPc = nextPc (the delay slot or next instruction)\n  // newNextPc = nextPc + 4 (default)\n  // Branches modify newNextPc to the target (delay slot executes, then jump)\n  let newPc = nextPc;\n  let newNextPc = nextPc + 4;\n\n  switch (op) {\n    // ==================== SPECIAL (R-type) ====================\n    case 0x00:\n      switch (funct) {\n        case 0x00: if (rd) R[rd] = (R[rt] << sa) >>> 0; break; // SLL\n        case 0x02: if (rd) R[rd] = R[rt] >>> sa; break; // SRL\n        case 0x03: if (rd) R[rd] = (s32(R[rt]) >> sa) >>> 0; break; // SRA\n        case 0x04: if (rd) R[rd] = (R[rt] << (R[rs] & 31)) >>> 0; break; // SLLV\n        case 0x06: if (rd) R[rd] = R[rt] >>> (R[rs] & 31); break; // SRLV\n        case 0x07: if (rd) R[rd] = (s32(R[rt]) >> (R[rs] & 31)) >>> 0; break; // SRAV\n        case 0x08: newPc = R[rs]; break; // JR\n        case 0x09: if (rd) R[rd] = (pc + 8) >>> 0; newPc = R[rs]; break; // JALR\n        case 0x01: { // MOVCI (MOVF/MOVT)\n          const tf = (instr >>> 16) & 1;\n          const cc = (instr >>> 18) & 7;\n          const cond = cc === 0 ? ((fcsr & 0x00800000) !== 0) : false;\n          if (cond === (tf === 1)) { if (rd) R[rd] = R[rs]; }\n          break;\n        }\n        case 0x0C: handleSyscall(); break; // SYSCALL\n        case 0x0D: process.stderr.write(`[vm] BREAK at 0x${pc.toString(16)}\\n`); halt = true; break;\n        case 0x0F: break; // SYNC\n        case 0x10: if (rd) R[rd] = HI; break; // MFHI\n        case 0x11: HI = R[rs]; break; // MTHI\n        case 0x12: if (rd) R[rd] = LO; break; // MFLO\n        case 0x13: LO = R[rs]; break; // MTLO\n        case 0x18: { // MULT\n          let [hi, lo] = mulu32(R[rs], R[rt]);\n          if (R[rs] & 0x80000000) hi = (hi - (R[rt] >>> 0)) >>> 0;\n          if (R[rt] & 0x80000000) hi = (hi - (R[rs] >>> 0)) >>> 0;\n          HI = hi; LO = lo;\n          break;\n        }\n        case 0x19: { // MULTU\n          let [hi, lo] = mulu32(R[rs], R[rt]);\n          HI = hi; LO = lo;\n          break;\n        }\n        case 0x1A: { // DIV\n          const a = s32(R[rs]), b = s32(R[rt]);\n          if (b !== 0) {\n            const q = Math.trunc(a / b);\n            LO = q >>> 0; HI = (a - q * b) >>> 0;\n          } else { LO = 0; HI = 0; }\n          break;\n        }\n        case 0x1B: { // DIVU\n          const a = R[rs] >>> 0, b = R[rt] >>> 0;\n          if (b !== 0) { LO = (a / b) >>> 0; HI = (a % b) >>> 0; }\n          else { LO = 0; HI = 0; }\n          break;\n        }\n        case 0x20: if (rd) R[rd] = (R[rs] + R[rt]) >>> 0; break; // ADD\n        case 0x21: if (rd) R[rd] = (R[rs] + R[rt]) >>> 0; break; // ADDU\n        case 0x22: if (rd) R[rd] = (R[rs] - R[rt]) >>> 0; break; // SUB\n        case 0x23: if (rd) R[rd] = (R[rs] - R[rt]) >>> 0; break; // SUBU\n        case 0x24: if (rd) R[rd] = R[rs] & R[rt]; break; // AND\n        case 0x25: if (rd) R[rd] = R[rs] | R[rt]; break; // OR\n        case 0x26: if (rd) R[rd] = R[rs] ^ R[rt]; break; // XOR\n        case 0x27: if (rd) R[rd] = (~(R[rs] | R[rt])) >>> 0; break; // NOR\n        case 0x2A: if (rd) R[rd] = (s32(R[rs]) < s32(R[rt])) ? 1 : 0; break; // SLT\n        case 0x2B: if (rd) R[rd] = ((R[rs] >>> 0) < (R[rt] >>> 0)) ? 1 : 0; break; // SLTU\n        case 0x34: { // TEQ - trap if equal (ignore in non-debug)\n          break;\n        }\n        case 0x30: { // TGE - trap if greater or equal (ignore)\n          break;\n        }\n        case 0x31: { // TGEU\n          break;\n        }\n        case 0x32: { // TLT\n          break;\n        }\n        case 0x33: { // TLTU\n          break;\n        }\n        case 0x36: { // TNE\n          break;\n        }\n        default:\n          process.stderr.write(`[vm] Unhandled SPECIAL funct=0x${funct.toString(16)} at 0x${pc.toString(16)} instr=0x${instr.toString(16)}\\n`);\n          halt = true;\n          break;\n      }\n      break;\n\n    // ==================== REGIMM ====================\n    case 0x01:\n      switch (rt) {\n        case 0x00: if (s32(R[rs]) < 0) newNextPc = (pc + 4 + (simm << 2)) >>> 0; break; // BLTZ\n        case 0x01: if (s32(R[rs]) >= 0) newNextPc = (pc + 4 + (simm << 2)) >>> 0; break; // BGEZ\n        case 0x02: if (s32(R[rs]) < 0) newNextPc = (pc + 4 + (simm << 2)) >>> 0; else { newPc = (pc + 8) >>> 0; newNextPc = (pc + 12) >>> 0; } break; // BLTZL\n        case 0x03: if (s32(R[rs]) >= 0) newNextPc = (pc + 4 + (simm << 2)) >>> 0; else { newPc = (pc + 8) >>> 0; newNextPc = (pc + 12) >>> 0; } break; // BGEZL\n        case 0x10: if (rd !== 0) R[rd] = (pc + 8) >>> 0; if (s32(R[rs]) < 0) newNextPc = (pc + 4 + (simm << 2)) >>> 0; break; // BLTZAL (rd=31 normally)\n        case 0x11: R[31] = (pc + 8) >>> 0; if (s32(R[rs]) >= 0) newNextPc = (pc + 4 + (simm << 2)) >>> 0; break; // BGEZAL\n        default:\n          process.stderr.write(`[vm] Unhandled REGIMM rt=0x${rt.toString(16)} at 0x${pc.toString(16)}\\n`);\n          halt = true;\n          break;\n      }\n      break;\n\n    // ==================== Jumps ====================\n    case 0x02: newNextPc = (((pc + 4) & 0xF0000000) | (target << 2)) >>> 0; break; // J\n    case 0x03: R[31] = (pc + 8) >>> 0; newNextPc = (((pc + 4) & 0xF0000000) | (target << 2)) >>> 0; break; // JAL\n\n    // ==================== Branches ====================\n    case 0x04: if (R[rs] === R[rt]) newNextPc = (pc + 4 + (simm << 2)) >>> 0; break; // BEQ\n    case 0x05: if (R[rs] !== R[rt]) newNextPc = (pc + 4 + (simm << 2)) >>> 0; break; // BNE\n    case 0x06: if (s32(R[rs]) <= 0) newNextPc = (pc + 4 + (simm << 2)) >>> 0; break; // BLEZ\n    case 0x07: if (s32(R[rs]) > 0) newNextPc = (pc + 4 + (simm << 2)) >>> 0; break; // BGTZ\n    // Branch likely\n    case 0x14: if (R[rs] === R[rt]) newNextPc = (pc + 4 + (simm << 2)) >>> 0; else { newPc = (pc + 8) >>> 0; newNextPc = (pc + 12) >>> 0; } break; // BEQL\n    case 0x15: if (R[rs] !== R[rt]) newNextPc = (pc + 4 + (simm << 2)) >>> 0; else { newPc = (pc + 8) >>> 0; newNextPc = (pc + 12) >>> 0; } break; // BNEL\n    case 0x16: if (s32(R[rs]) <= 0) newNextPc = (pc + 4 + (simm << 2)) >>> 0; else { newPc = (pc + 8) >>> 0; newNextPc = (pc + 12) >>> 0; } break; // BLEZL\n    case 0x17: if (s32(R[rs]) > 0) newNextPc = (pc + 4 + (simm << 2)) >>> 0; else { newPc = (pc + 8) >>> 0; newNextPc = (pc + 12) >>> 0; } break; // BGTZL\n\n    // ==================== Immediate ALU ====================\n    case 0x08: if (rt) R[rt] = (R[rs] + simm) >>> 0; break; // ADDI\n    case 0x09: if (rt) R[rt] = (R[rs] + simm) >>> 0; break; // ADDIU\n    case 0x0A: if (rt) R[rt] = (s32(R[rs]) < simm) ? 1 : 0; break; // SLTI\n    case 0x0B: if (rt) R[rt] = ((R[rs] >>> 0) < (simm >>> 0)) ? 1 : 0; break; // SLTIU\n    case 0x0C: if (rt) R[rt] = R[rs] & imm; break; // ANDI\n    case 0x0D: if (rt) R[rt] = R[rs] | imm; break; // ORI\n    case 0x0E: if (rt) R[rt] = R[rs] ^ imm; break; // XORI\n    case 0x0F: if (rt) R[rt] = (imm << 16) >>> 0; break; // LUI\n\n    // ==================== COP0 ====================\n    case 0x10: break; // ignore coprocessor 0\n\n    // ==================== COP1 (FPU) ====================\n    case 0x11: {\n      const fmt = (instr >>> 21) & 31;\n      const ft = (instr >>> 16) & 31;\n      const fs2 = (instr >>> 11) & 31;\n      const fd = (instr >>> 6) & 31;\n      const ff = instr & 0x3f;\n\n      if (instr & 0x20000000) {\n        // BC1 instructions\n        const bcct = (instr >>> 16) & 31;\n        const off = simm << 2;\n        if (bcct === 0) { // BC1F\n          if (!(fcsr & 0x00800000)) newNextPc = (pc + 4 + off) >>> 0;\n        } else if (bcct === 1) { // BC1T\n          if (fcsr & 0x00800000) newNextPc = (pc + 4 + off) >>> 0;\n        } else if (bcct === 2) { // BC1FL\n          if (!(fcsr & 0x00800000)) newNextPc = (pc + 4 + off) >>> 0;\n          else { newPc = (pc + 8) >>> 0; newNextPc = (pc + 12) >>> 0; }\n        } else if (bcct === 3) { // BC1TL\n          if (fcsr & 0x00800000) newNextPc = (pc + 4 + off) >>> 0;\n          else { newPc = (pc + 8) >>> 0; newNextPc = (pc + 12) >>> 0; }\n        }\n        break;\n      }\n\n      switch (fmt) {\n        case 0: { // MFC1\n          if (rt) R[rt] = fpu32i[fs2 * 2];\n          break;\n        }\n        case 2: { // CFC1\n          if (rt) R[rt] = fcsr;\n          break;\n        }\n        case 4: { // MTC1\n          fpu32i[fs2 * 2] = R[rt];\n          break;\n        }\n        case 6: { // CTC1\n          fcsr = R[rt];\n          break;\n        }\n        case 0x10: { // Single precision\n          const a = fpu32[fs2 * 2], b = fpu32[ft * 2];\n          switch (ff) {\n            case 0x00: fpu32[fd * 2] = Math.fround(a + b); break; // ADD.S\n            case 0x01: fpu32[fd * 2] = Math.fround(a - b); break; // SUB.S\n            case 0x02: fpu32[fd * 2] = Math.fround(a * b); break; // MUL.S\n            case 0x03: fpu32[fd * 2] = Math.fround(a / b); break; // DIV.S\n            case 0x04: fpu32[fd * 2] = Math.fround(Math.sqrt(a)); break; // SQRT.S\n            case 0x05: fpu32[fd * 2] = Math.fround(Math.abs(a)); break; // ABS.S\n            case 0x06: fpu32[fd * 2] = a; break; // MOV.S\n            case 0x07: fpu32[fd * 2] = Math.fround(-a); break; // NEG.S\n            case 0x0D: fpu32i[fd * 2] = Math.trunc(a) | 0; break; // TRUNC.W.S\n            case 0x24: fpu32i[fd * 2] = Math.round(a) | 0; break; // CVT.W.S (round to nearest)\n            case 0x20: fpu32[fd * 2] = a; break; // CVT.S.S\n            case 0x21: fpu64[fd] = a; break; // CVT.D.S\n            default:\n              if (ff >= 0x30 && ff <= 0x3f) {\n                let cond = false;\n                switch (ff) {\n                  case 0x30: cond = false; break; // C.F\n                  case 0x31: cond = isNaN(a) || isNaN(b); break; // C.UN\n                  case 0x32: cond = (a === b); break; // C.EQ\n                  case 0x33: cond = isNaN(a) || isNaN(b) || (a === b); break; // C.UEQ\n                  case 0x34: cond = (a < b); break; // C.OLT\n                  case 0x35: cond = isNaN(a) || isNaN(b) || (a <= b); break; // C.ULE\n                  case 0x36: cond = false; break; // C.SF\n                  case 0x37: cond = isNaN(a) || isNaN(b); break; // C.NGLE\n                  case 0x38: cond = (a === b); break; // C.SEQ\n                  case 0x39: cond = isNaN(a) || isNaN(b) || (a === b); break; // C.NGL\n                  case 0x3A: cond = (a < b); break; // C.LT\n                  case 0x3B: cond = isNaN(a) || isNaN(b) || (a < b); break; // C.NGE\n                  case 0x3C: cond = (a <= b); break; // C.LE\n                  case 0x3D: cond = isNaN(a) || isNaN(b) || (a <= b); break; // C.NGT\n                }\n                fcsr = cond ? (fcsr | 0x00800000) : (fcsr & ~0x00800000);\n              } else {\n                process.stderr.write(`[vm] Unhandled COP1.S ff=0x${ff.toString(16)} at 0x${pc.toString(16)}\\n`);\n                halt = true;\n              }\n              break;\n          }\n          break;\n        }\n        case 0x11: { // Double precision\n          const a = fpu64[fs2], b = fpu64[ft * 2];\n          switch (ff) {\n            case 0x00: fpu64[fd] = a + b; break; // ADD.D\n            case 0x01: fpu64[fd] = a - b; break; // SUB.D\n            case 0x02: fpu64[fd] = a * b; break; // MUL.D\n            case 0x03: fpu64[fd] = a / b; break; // DIV.D\n            case 0x04: fpu64[fd] = Math.sqrt(a); break; // SQRT.D\n            case 0x05: fpu64[fd] = Math.abs(a); break; // ABS.D\n            case 0x06: fpu64[fd] = a; break; // MOV.D\n            case 0x07: fpu64[fd] = -a; break; // NEG.D\n            case 0x0D: fpu32i[fd * 2] = Math.trunc(a) | 0; break; // TRUNC.W.D\n            case 0x24: fpu32i[fd * 2] = Math.round(a) | 0; break; // CVT.W.D\n            case 0x20: fpu32[fd * 2] = Math.fround(a); break; // CVT.S.D\n            case 0x21: fpu64[fd] = a; break; // CVT.D.D\n            default:\n              if (ff >= 0x30 && ff <= 0x3f) {\n                let cond = false;\n                switch (ff) {\n                  case 0x30: cond = false; break;\n                  case 0x31: cond = isNaN(a) || isNaN(b); break;\n                  case 0x32: cond = (a === b); break;\n                  case 0x34: cond = (a < b); break;\n                  case 0x35: cond = isNaN(a) || isNaN(b) || (a <= b); break;\n                  case 0x3A: cond = (a < b); break;\n                  case 0x3C: cond = (a <= b); break;\n                }\n                fcsr = cond ? (fcsr | 0x00800000) : (fcsr & ~0x00800000);\n              } else {\n                process.stderr.write(`[vm] Unhandled COP1.D ff=0x${ff.toString(16)} at 0x${pc.toString(16)}\\n`);\n                halt = true;\n              }\n              break;\n          }\n          break;\n        }\n        case 0x14: { // Word\n          const iv = fpu32i[fs2 * 2] | 0;\n          switch (ff) {\n            case 0x20: fpu32[fd * 2] = Math.fround(iv); break; // CVT.S.W\n            case 0x21: fpu64[fd] = iv; break; // CVT.D.W\n            default:\n              process.stderr.write(`[vm] Unhandled COP1.W ff=0x${ff.toString(16)} at 0x${pc.toString(16)}\\n`);\n              halt = true;\n              break;\n          }\n          break;\n        }\n        case 0x15: { // Long (treat as double)\n          switch (ff) {\n            case 0x20: fpu32[fd * 2] = Math.fround(fpu64[fs2]); break;\n            case 0x21: fpu64[fd] = fpu64[fs2]; break;\n            default:\n              process.stderr.write(`[vm] Unhandled COP1.L ff=0x${ff.toString(16)} at 0x${pc.toString(16)}\\n`);\n              halt = true;\n              break;\n          }\n          break;\n        }\n        default:\n          process.stderr.write(`[vm] Unhandled COP1 fmt=0x${fmt.toString(16)} at 0x${pc.toString(16)} instr=0x${instr.toString(16)}\\n`);\n          halt = true;\n          break;\n      }\n      break;\n    }\n\n    // ==================== COP1X ====================\n    case 0x13: {\n      const fmt = (instr >>> 21) & 31;\n      const ft = (instr >>> 16) & 31;\n      const fs2 = (instr >>> 11) & 31;\n      const fd = (instr >>> 6) & 31;\n      const ff = instr & 0x3f;\n      switch (ff) {\n        case 0x00: fpu32[fd * 2] = Math.fround(fpu32[fs2 * 2] * fpu32[ft * 2] + fpu32[fd * 2]); break; // MADD.S\n        case 0x01: fpu32[fd * 2] = Math.fround(fpu32[fs2 * 2] * fpu32[ft * 2] - fpu32[fd * 2]); break; // MSUB.S\n        case 0x20: fpu32[fd * 2] = Math.fround(fpu32[fs2 * 2] * fpu32[ft * 2] + fpu32[fd * 2]); break; // NMADD.S\n        case 0x21: fpu32[fd * 2] = Math.fround(-(fpu32[fs2 * 2] * fpu32[ft * 2] - fpu32[fd * 2])); break; // NMSUB.S\n        case 0x08: { // LWXC1\n          const addr = (R[rs] + R[rt]) >>> 0;\n          fpu32i[fd * 2] = read32(addr);\n          break;\n        }\n        case 0x09: { // SWXC1\n          const addr = (R[rs] + R[rt]) >>> 0;\n          write32(addr, fpu32i[fd * 2]);\n          break;\n        }\n        case 0x0A: { // LDXC1\n          const addr = (R[rs] + R[rt]) >>> 0;\n          fpu32i[fd * 2] = read32(addr);\n          fpu32i[fd * 2 + 1] = read32(addr + 4);\n          break;\n        }\n        case 0x0B: { // SDXC1\n          const addr = (R[rs] + R[rt]) >>> 0;\n          write32(addr, fpu32i[fd * 2]);\n          write32(addr + 4, fpu32i[fd * 2 + 1]);\n          break;\n        }\n        default:\n          process.stderr.write(`[vm] Unhandled COP1X ff=0x${ff.toString(16)} at 0x${pc.toString(16)}\\n`);\n          // Don't halt, just continue\n          break;\n      }\n      break;\n    }\n\n    // ==================== SPECIAL2 ====================\n    case 0x1C:\n      switch (funct) {\n        case 0x02: if (rd) R[rd] = Math.imul(s32(R[rs]), s32(R[rt])) >>> 0; break; // MUL\n        case 0x00: { // MADD\n          let [hi, lo] = mulu32(R[rs], R[rt]);\n          if (R[rs] & 0x80000000) hi = (hi - (R[rt] >>> 0)) >>> 0;\n          if (R[rt] & 0x80000000) hi = (hi - (R[rs] >>> 0)) >>> 0;\n          const acc = (HI >>> 0) * 0x100000000 + (LO >>> 0);\n          const prod = hi * 0x100000000 + lo;\n          const sum = acc + prod;\n          LO = sum & 0xFFFFFFFF;\n          HI = Math.floor(sum / 0x100000000) >>> 0;\n          break;\n        }\n        case 0x01: { // MADDU\n          let [hi, lo] = mulu32(R[rs], R[rt]);\n          const acc = (HI >>> 0) * 0x100000000 + (LO >>> 0);\n          const prod = hi * 0x100000000 + lo;\n          const sum = acc + prod;\n          LO = sum & 0xFFFFFFFF;\n          HI = Math.floor(sum / 0x100000000) >>> 0;\n          break;\n        }\n        case 0x04: { // MSUB\n          let [hi, lo] = mulu32(R[rs], R[rt]);\n          if (R[rs] & 0x80000000) hi = (hi - (R[rt] >>> 0)) >>> 0;\n          if (R[rt] & 0x80000000) hi = (hi - (R[rs] >>> 0)) >>> 0;\n          const acc = (HI >>> 0) * 0x100000000 + (LO >>> 0);\n          const prod = hi * 0x100000000 + lo;\n          const sum = acc - prod;\n          LO = sum & 0xFFFFFFFF;\n          HI = Math.floor(sum / 0x100000000) >>> 0;\n          break;\n        }\n        case 0x20: { // CLZ\n          let v = R[rs] >>> 0, c = 0;\n          for (let i = 31; i >= 0; i--) { if (v & (1 << i)) break; c++; }\n          if (rd) R[rd] = c;\n          break;\n        }\n        case 0x21: { // CLO\n          let v = R[rs] >>> 0, c = 0;\n          for (let i = 31; i >= 0; i--) { if (!(v & (1 << i))) break; c++; }\n          if (rd) R[rd] = c;\n          break;\n        }\n        default:\n          process.stderr.write(`[vm] Unhandled SPECIAL2 funct=0x${funct.toString(16)} at 0x${pc.toString(16)}\\n`);\n          halt = true;\n          break;\n      }\n      break;\n\n    // ==================== SPECIAL3 ====================\n    case 0x1F:\n      switch (funct) {\n        case 0x20: { // BSHFL\n          if (sa === 0x10) { if (rd) R[rd] = s8(R[rt] & 0xFF) >>> 0; } // SEB\n          else if (sa === 0x18) { if (rd) R[rd] = s16(R[rt] & 0xFFFF) >>> 0; } // SEH\n          else if (sa === 0x02) { // WSBH\n            const v = R[rt];\n            if (rd) R[rd] = (((v & 0x00FF00FF) << 8) | ((v & 0xFF00FF00) >>> 8)) >>> 0;\n          } else {\n            process.stderr.write(`[vm] Unhandled BSHFL sa=0x${sa.toString(16)} at 0x${pc.toString(16)}\\n`);\n          }\n          break;\n        }\n        case 0x00: { // EXT\n          const pos = sa, size = rd + 1;\n          if (rt) R[rt] = (R[rs] >>> pos) & ((1 << size) - 1);\n          break;\n        }\n        case 0x04: { // INS\n          const pos = sa, size = rd + 1 - pos;\n          const mask = ((size >= 32 ? 0xFFFFFFFF : ((1 << size) - 1)) << pos) >>> 0;\n          if (rt) R[rt] = ((R[rt] & ~mask) | ((R[rs] << pos) & mask)) >>> 0;\n          break;\n        }\n        default:\n          process.stderr.write(`[vm] Unhandled SPECIAL3 funct=0x${funct.toString(16)} at 0x${pc.toString(16)}\\n`);\n          halt = true;\n          break;\n      }\n      break;\n\n    // ==================== Loads ====================\n    case 0x20: { const a = (R[rs] + simm) >>> 0; if (rt) R[rt] = s8(read8(a)) >>> 0; break; } // LB\n    case 0x21: { const a = (R[rs] + simm) >>> 0; if (rt) R[rt] = s16(read16(a)) >>> 0; break; } // LH\n    case 0x23: { const a = (R[rs] + simm) >>> 0; if (rt) R[rt] = read32(a); break; } // LW\n    case 0x24: { const a = (R[rs] + simm) >>> 0; if (rt) R[rt] = read8(a); break; } // LBU\n    case 0x25: { const a = (R[rs] + simm) >>> 0; if (rt) R[rt] = read16(a); break; } // LHU\n    case 0x22: { // LWL (treat as LW for simplicity)\n      const a = (R[rs] + simm) >>> 0;\n      if (rt) R[rt] = read32(a & ~3);\n      break;\n    }\n    case 0x26: { // LWR (treat as LW)\n      const a = (R[rs] + simm) >>> 0;\n      if (rt) R[rt] = read32(a & ~3);\n      break;\n    }\n    case 0x30: { // LL (treat as LW)\n      const a = (R[rs] + simm) >>> 0;\n      if (rt) R[rt] = read32(a);\n      break;\n    }\n\n    // ==================== Stores ====================\n    case 0x28: { const a = (R[rs] + simm) >>> 0; write8(a, R[rt] & 0xFF); break; } // SB\n    case 0x29: { const a = (R[rs] + simm) >>> 0; write16(a, R[rt] & 0xFFFF); break; } // SH\n    case 0x2B: { const a = (R[rs] + simm) >>> 0; write32(a, R[rt]); break; } // SW\n    case 0x2A: { // SWL (treat as SW)\n      const a = (R[rs] + simm) >>> 0;\n      write32(a & ~3, R[rt]);\n      break;\n    }\n    case 0x2E: { // SWR (treat as SW)\n      const a = (R[rs] + simm) >>> 0;\n      write32(a & ~3, R[rt]);\n      break;\n    }\n    case 0x38: { // SC (treat as SW, always succeed)\n      const a = (R[rs] + simm) >>> 0;\n      write32(a, R[rt]);\n      if (rt) R[rt] = 1;\n      break;\n    }\n\n    // ==================== FPU Loads/Stores ====================\n    case 0x31: { const a = (R[rs] + simm) >>> 0; fpu32i[rt * 2] = read32(a); break; } // LWC1\n    case 0x35: { // LDC1\n      const a = (R[rs] + simm) >>> 0;\n      fpu32i[rt * 2] = read32(a);\n      fpu32i[rt * 2 + 1] = read32(a + 4);\n      break;\n    }\n    case 0x39: { const a = (R[rs] + simm) >>> 0; write32(a, fpu32i[rt * 2]); break; } // SWC1\n    case 0x3D: { // SDC1\n      const a = (R[rs] + simm) >>> 0;\n      write32(a, fpu32i[rt * 2]);\n      write32(a + 4, fpu32i[rt * 2 + 1]);\n      break;\n    }\n\n    // ==================== Misc ====================\n    case 0x2F: break; // CACHE - ignore\n    case 0x33: break; // PREF - ignore\n    case 0x12: break; // COP2 - ignore\n    case 0x37: break; // SWC2? - ignore\n    case 0x36: break; // LDC2? - ignore\n    case 0x32: break; // LWC2? - ignore\n    case 0x3A: break; // SWC2? - ignore\n    case 0x3E: break; // SDC2? - ignore\n\n    default:\n      // Check if this might be data in the text segment\n      if ((instr & 0xFC000000) === 0 || (instr & 0xFC000000) === 0x40000000) {\n        // Likely a NOP or data, skip\n        break;\n      }\n      process.stderr.write(`[vm] Unhandled opcode 0x${op.toString(16)} at 0x${pc.toString(16)} instr=0x${instr.toString(16)}\\n`);\n      halt = true;\n      break;\n  }\n\n  R[0] = 0; // ensure $zero is always 0\n  pc = newPc >>> 0;\n  nextPc = newNextPc >>> 0;\n  icount++;\n\n  // Progress reporting and timeout\n  if ((icount & 0x3FFFFF) === 0) {\n    const elapsed = Date.now() - startTime;\n    if (elapsed > 300000) { // 5 minute timeout\n      process.stderr.write(`[vm] Timeout after ${icount} instructions, ${frameCount} frames\\n`);\n      break;\n    }\n    if (elapsed - lastReport > 10000) {\n      process.stderr.write(`[vm] Progress: ${icount} instructions, ${frameCount} frames, ${(icount / (elapsed / 1000)).toFixed(0)} ips\\n`);\n      lastReport = elapsed;\n    }\n  }\n}\n\nif (frameCount > 0) {\n  process.stderr.write(`[vm] Done: ${frameCount} frame(s) saved to /tmp/frame.bmp\\n`);\n} else {\n  process.stderr.write(`[vm] Done: no frames saved\\n`);\n}\nprocess.exit(exitCode);\nJSEOF\n"] min_timeout_sec: 1.0 max_timeout_sec: 180.0
Trajectory dumped to runs/harbor-v21/athena-slowest-hard-failed7-retry-20260703T025916Z/make-mips-interpreter__Bj9PEXT/agent/trajectory.json
Sending keys: ['node --check vm.js 2>&1 | head -20\n'] min_timeout_sec: 0.1 max_timeout_sec: 180.0
Sending keys: ['timeout 15 node vm.js 2>&1 | head -80\n'] min_timeout_sec: 10.0 max_timeout_sec: 180.0
Trajectory dumped to runs/harbor-v21/athena-slowest-hard-failed7-retry-20260703T025916Z/make-mips-interpreter__Bj9PEXT/agent/trajectory.json
Sending keys: ['python3 -c "\nlines = open(\'vm.js\').readlines()\nfor i,l in enumerate(lines):\n    if \'case 0x0F: break; // SYNC\' in l:\n        lines.insert(i+1, \'        case 0x0A: if ((R[rt] >>> 0) === 0) { if (rd) R[rd] = R[rs]; } break; // MOVZ\\n\')\n        lines.insert(i+2, \'        case 0x0B: if ((R[rt] >>> 0) !== 0) { if (rd) R[rd] = R[rs]; } break; // MOVN\\n\')\n        break\nopen(\'vm.js\',\'w\').writelines(lines)\nprint(\'added MOVZ/MOVN\')\n"\n'] min_timeout_sec: 0.1 max_timeout_sec: 180.0
Sending keys: ['node --check vm.js 2>&1 | head -10\n'] min_timeout_sec: 0.1 max_timeout_sec: 180.0
Sending keys: ['timeout 15 node vm.js 2>&1 | head -80\n'] min_timeout_sec: 10.0 max_timeout_sec: 180.0
Trajectory dumped to runs/harbor-v21/athena-slowest-hard-failed7-retry-20260703T025916Z/make-mips-interpreter__Bj9PEXT/agent/trajectory.json
Sending keys: ['python3 -c "\nlines = open(\'vm.js\').readlines()\n# Find the progress reporting section and add PC logging\nfor i,l in enumerate(lines):\n    if \'Progress:\' in l:\n        lines[i] = "      process.stderr.write(`[vm] Progress: ${icount} instructions, ${frameCount} frames, pc=0x${pc.toString(16)}, ${(icount / (elapsed / 1000)).toFixed(0)} ips\\\\n`);\\n"\n        break\nopen(\'vm.js\',\'w\').writelines(lines)\nprint(\'added pc logging\')\n"\n'] min_timeout_sec: 0.1 max_timeout_sec: 180.0
Sending keys: ['timeout 20 node vm.js 2>&1 | head -80\n'] min_timeout_sec: 15.0 max_timeout_sec: 180.0
Trajectory dumped to runs/harbor-v21/athena-slowest-hard-failed7-retry-20260703T025916Z/make-mips-interpreter__Bj9PEXT/agent/trajectory.json
Parser warnings: - Command 1 should end with newline when followed by another command. Otherwise the two commands will be concatenated together on the same line.
Sending keys: ['C-c'] min_timeout_sec: 0.5 max_timeout_sec: 180.0
Sending keys: ["python3 << 'PY'\nlines = open('vm.js').readlines()\nfor i,l in enumerate(lines):\n    if 'Progress:' in l:\n        lines[i] = '      process.stderr.write(`[vm] Progress: ${icount} instructions, ${frameCount} frames, pc=0x${pc.toString(16)}, ${(icount / (elapsed / 1000)).toFixed(0)} ips\\n`);\\n'\n        break\nopen('vm.js','w').writelines(lines)\nprint('added pc logging')\nPY\n"] min_timeout_sec: 0.1 max_timeout_sec: 180.0
Sending keys: ['timeout 20 node vm.js 2>&1 | head -80\n'] min_timeout_sec: 15.0 max_timeout_sec: 180.0
Trajectory dumped to runs/harbor-v21/athena-slowest-hard-failed7-retry-20260703T025916Z/make-mips-interpreter__Bj9PEXT/agent/trajectory.json
Sending keys: ['python3 << \'PY\'\nlines = open(\'vm.js\').readlines()\n# Add syscall logging\nfor i,l in enumerate(lines):\n    if \'function handleSyscall()\' in l:\n        lines.insert(i+1, "  process.stderr.write(`[vm] syscall ${num} a0=0x${a0.toString(16)} a1=0x${a1.toString(16)} a2=0x${a2.toString(16)} pc=0x${pc.toString(16)}\\\\n`);\\n")\n        break\nopen(\'vm.js\',\'w\').writelines(lines)\nprint(\'added syscall logging\')\nPY\n'] min_timeout_sec: 0.1 max_timeout_sec: 180.0
Sending keys: ['timeout 20 node vm.js 2>&1 | head -120\n'] min_timeout_sec: 15.0 max_timeout_sec: 180.0
Trajectory dumped to runs/harbor-v21/athena-slowest-hard-failed7-retry-20260703T025916Z/make-mips-interpreter__Bj9PEXT/agent/trajectory.json
Sending keys: ["python3 << 'PY'\nlines = open('vm.js').readlines()\nfor i,l in enumerate(lines):\n    if 'if ((icount & 0x3FFFFF) === 0)' in l:\n        lines[i] = '  if ((icount & 0xFFFFF) === 0) {\\n'\n        break\nopen('vm.js','w').writelines(lines)\nprint('changed progress interval')\nPY\n"] min_timeout_sec: 0.1 max_timeout_sec: 180.0
Sending keys: ['python3 -c "\nimport struct\nb=open(\'doomgeneric_mips\',\'rb\').read()\noff=0x439ad8-0x400000\nfor i in range(10):\n    w=struct.unpack_from(\'<I\', b, off+i*4)[0]\n    op=w>>26; rs=(w>>21)&31; rt=(w>>16)&31; rd=(w>>11)&31; sa=(w>>6)&31; fn=w&0x3f; imm=w&0xffff\n    print(f\'0x{0x439ad8+i*4:08x}: 0x{w:08x} op={op:02x} rs={rs} rt={rt} rd={rd} sa={sa} fn={fn:02x} imm={imm}\')\n"\n'] min_timeout_sec: 0.1 max_timeout_sec: 180.0
Sending keys: ['timeout 20 node vm.js 2>&1 | head -120\n'] min_timeout_sec: 15.0 max_timeout_sec: 180.0
Trajectory dumped to runs/harbor-v21/athena-slowest-hard-failed7-retry-20260703T025916Z/make-mips-interpreter__Bj9PEXT/agent/trajectory.json
Sending keys: ['grep -E "439ad8|4397bc|DG_SleepMs|DG_GetTicksMs|43dc64|gettimeofday" /tmp/symbols.txt | head -20\n'] min_timeout_sec: 0.1 max_timeout_sec: 180.0
Sending keys: ['python3 -c "\nimport struct\nb=open(\'doomgeneric_mips\',\'rb\').read()\n# Disassemble around 0x439ad8 - go back to find function start\nfor start in [0x439ad0, 0x439ac0, 0x439ab0, 0x439aa0]:\n    off=start-0x400000\n    print(f\'--- 0x{start:08x} ---\')\n    for i in range(8):\n        w=struct.unpack_from(\'<I\', b, off+i*4)[0]\n        op=w>>26; rs=(w>>21)&31; rt=(w>>16)&31; rd=(w>>11)&31; sa=(w>>6)&31; fn=w&0x3f; imm=w&0xffff\n        print(f\'  0x{start+i*4:08x}: 0x{w:08x} op={op:02x} rs={rs} rt={rt} rd={rd} sa={sa} fn={fn:02x} imm={imm}\')\n"\n'] min_timeout_sec: 0.1 max_timeout_sec: 180.0
Sending keys: ['python3 -c "\nimport struct\nb=open(\'doomgeneric_mips\',\'rb\').read()\n# Disassemble DG_SleepMs at 0x4397bc\nfor fn_name, addr in [(\'DG_SleepMs\', 0x4397bc), (\'DG_GetTicksMs\', 0x439800 if True else 0)]:\n    off=addr-0x400000\n    print(f\'--- {fn_name} at 0x{addr:08x} ---\')\n    for i in range(20):\n        w=struct.unpack_from(\'<I\', b, off+i*4)[0]\n        op=w>>26; rs=(w>>21)&31; rt=(w>>16)&31; rd=(w>>11)&31; sa=(w>>6)&31; fn=w&0x3f; imm=w&0xffff\n        print(f\'  0x{addr+i*4:08x}: 0x{w:08x} op={op:02x} rs={rs} rt={rt} rd={rd} sa={sa} fn={fn:02x} imm={imm}\')\n"\n'] min_timeout_sec: 0.1 max_timeout_sec: 180.0
Trajectory dumped to runs/harbor-v21/athena-slowest-hard-failed7-retry-20260703T025916Z/make-mips-interpreter__Bj9PEXT/agent/trajectory.json
Sending keys: ['python3 -c "\nimport struct\nb=open(\'doomgeneric_mips\',\'rb\').read()\nfor start in [0x439a90, 0x439ac0, 0x439acc]:\n    off=start-0x400000\n    print(f\'--- 0x{start:08x} ---\')\n    for i in range(12):\n        w=struct.unpack_from(\'<I\', b, off+i*4)[0]\n        op=w>>26; rs=(w>>21)&31; rt=(w>>16)&31; rd=(w>>11)&31; sa=(w>>6)&31; fn=w&0x3f; imm=w&0xffff\n        print(f\'  0x{start+i*4:08x}: 0x{w:08x} op={op:02x} rs={rs} rt={rt} rd={rd} sa={sa} fn={fn:02x} imm={imm}\')\n"\n'] min_timeout_sec: 0.1 max_timeout_sec: 180.0
Sending keys: ['grep -E "439a|439b" /tmp/symbols.txt | head -20\n'] min_timeout_sec: 0.1 max_timeout_sec: 180.0
Trajectory dumped to runs/harbor-v21/athena-slowest-hard-failed7-retry-20260703T025916Z/make-mips-interpreter__Bj9PEXT/agent/trajectory.json
Sending keys: ['grep -E "memcpy|memset|memmove" /tmp/symbols.txt | head -20\n'] min_timeout_sec: 0.1 max_timeout_sec: 180.0
Sending keys: ['python3 << \'PY\'\nlines = open(\'vm.js\').readlines()\n# Find the frame dump hook section and add memset/memcpy hooks after it\nfor i,l in enumerate(lines):\n    if \'const DG_DrawFrame_addr\' in l:\n        # Find the dumpFrame function end, then add hooks\n        break\n# Find the line with \'const startTime = Date.now();\'\nfor i,l in enumerate(lines):\n    if \'const startTime = Date.now();\' in l:\n        lines.insert(i, """// Fast function hooks\nconst MEMSET_ADDR = 0x439ac4;\nconst MEMCPY_ADDR = 0; // will find from symbols if needed\nfunction fastMemset() {\n  // MIPS memset(dst, val, count) - args in $a0,$a1,$a2, return in $v0\n  const dst = R[4], val = R[5] & 0xFF, count = R[6];\n  // Fast page-aware fill\n  let remaining = count;\n  let addr = dst;\n  while (remaining > 0) {\n    const pageOff = addr & 0xFFF;\n    const pageRemain = 4096 - pageOff;\n    const chunk = Math.min(remaining, pageRemain);\n    const p = getPage(addr >>> 12);\n    p.fill(val, pageOff, pageOff + chunk);\n    addr += chunk;\n    remaining -= chunk;\n  }\n  R[2] = dst; // return dst\n  R[31] = 0; // avoid returning to caller\'s RA? No, we need to return properly\n  // Skip the function body: jump to return\n  // memset function at 0x439ac4: prologue, loop, return at 0x439abc? \n  // Actually memset starts at 0x439ac4 and returns at 0x439abc (JR $ra)\n  // But we\'re hooking at entry, so we need to do the function and return\n  // Set PC to the return address and nextPc accordingly\n  pc = R[31];\n  nextPc = pc + 4;\n}\n""")\n        break\nopen(\'vm.js\',\'w\').writelines(lines)\nprint(\'added memset hook\')\nPY\n'] min_timeout_sec: 0.1 max_timeout_sec: 180.0
Sending keys: ['python3 << \'PY\'\nlines = open(\'vm.js\').readlines()\n# Add memset hook call in the main loop, right after the frame dump hook\nfor i,l in enumerate(lines):\n    if \'if (pc === DG_DrawFrame_addr)\' in l:\n        lines.insert(i+2, "  if (pc === MEMSET_ADDR) { fastMemset(); continue; }\\n")\n        break\nopen(\'vm.js\',\'w\').writelines(lines)\nprint(\'added memset hook call\')\nPY\n'] min_timeout_sec: 0.1 max_timeout_sec: 180.0
Sending keys: ['node --check vm.js 2>&1 | head -10\n'] min_timeout_sec: 0.1 max_timeout_sec: 180.0
Sending keys: ['timeout 20 node vm.js 2>&1 | head -120\n'] min_timeout_sec: 15.0 max_timeout_sec: 180.0
Trajectory dumped to runs/harbor-v21/athena-slowest-hard-failed7-retry-20260703T025916Z/make-mips-interpreter__Bj9PEXT/agent/trajectory.json
Sending keys: ['grep -n "MEMSET_ADDR\\|fastMemset\\|MEMSET" vm.js | head -20\n'] min_timeout_sec: 0.1 max_timeout_sec: 180.0
Sending keys: ['python3 << \'PY\'\nlines = open(\'vm.js\').readlines()\n# Add logging to fastMemset\nfor i,l in enumerate(lines):\n    if \'function fastMemset()\' in l:\n        lines.insert(i+1, "  process.stderr.write(`[vm] fastMemset dst=0x${R[4].toString(16)} val=${R[5]} count=${R[6]}\\\\n`);\\n")\n        break\nopen(\'vm.js\',\'w\').writelines(lines)\nprint(\'added memset logging\')\nPY\n'] min_timeout_sec: 0.1 max_timeout_sec: 180.0
Sending keys: ['timeout 20 node vm.js 2>&1 | head -120\n'] min_timeout_sec: 15.0 max_timeout_sec: 180.0
Trajectory dumped to runs/harbor-v21/athena-slowest-hard-failed7-retry-20260703T025916Z/make-mips-interpreter__Bj9PEXT/agent/trajectory.json
Sending keys: ['python3 << \'PY\'\nlines = open(\'vm.js\').readlines()\n# Fix fastMemset: remove R[31]=0 bug\nfor i,l in enumerate(lines):\n    if \'R[31] = 0; // avoid returning\' in l:\n        lines[i] = \'\\n\'\n        break\n# Add loop optimizer for memset: when at BNE in memset loop, fast-forward\nfor i,l in enumerate(lines):\n    if \'if (pc === MEMSET_ADDR)\' in l:\n        lines.insert(i+1, """  // Fast-forward memset loop: BNE $a2,$0,-12 at 0x439ad8\n  if (pc === 0x439ad8 && (read32(pc) & 0xFFFF) === 0xFFFD) {\n    const count = R[6];\n    if (count > 100) {\n      const dst = R[2];\n      const val = R[5] & 0xFF;\n      let remaining = count;\n      let addr = dst;\n      while (remaining > 0) {\n        const pageOff = addr & 0xFFF;\n        const pageRemain = 4096 - pageOff;\n        const chunk = Math.min(remaining, pageRemain);\n        const p = getPage(addr >>> 12);\n        p.fill(val, pageOff, pageOff + chunk);\n        addr += chunk;\n        remaining -= chunk;\n      }\n      R[2] = (dst + count) >>> 0;\n      R[6] = 0;\n      // Skip the BNE and its delay slot, go to JR $ra\n      pc = 0x439ae0;\n      nextPc = 0x439ae4;\n      continue;\n    }\n  }\n""")\n        break\nopen(\'vm.js\',\'w\').writelines(lines)\nprint(\'added loop optimizer\')\nPY\n'] min_timeout_sec: 0.1 max_timeout_sec: 180.0
Sending keys: ['node --check vm.js 2>&1 | head -10\n'] min_timeout_sec: 0.1 max_timeout_sec: 180.0
Sending keys: ['timeout 30 node vm.js 2>&1 | head -120\n'] min_timeout_sec: 25.0 max_timeout_sec: 180.0
Trajectory dumped to runs/harbor-v21/athena-slowest-hard-failed7-retry-20260703T025916Z/make-mips-interpreter__Bj9PEXT/agent/trajectory.json
Sending keys: ['grep -n "439ad8\\|loop optimizer\\|Fast-forward" vm.js | head -10\n'] min_timeout_sec: 0.1 max_timeout_sec: 180.0
Sending keys: ['python3 << \'PY\'\nlines = open(\'vm.js\').readlines()\nfor i,l in enumerate(lines):\n    if \'if (count > 100)\' in l and \'Fast-forward\' in lines[i-3]:\n        lines.insert(i, "      process.stderr.write(`[vm] memset loop optimizer: count=${count} dst=0x${R[2].toString(16)} val=${R[5]}\\\\n`);\\n")\n        break\nopen(\'vm.js\',\'w\').writelines(lines)\nprint(\'added optimizer logging\')\nPY\n'] min_timeout_sec: 0.1 max_timeout_sec: 180.0
Sending keys: ['timeout 15 node vm.js 2>&1 | head -120\n'] min_timeout_sec: 10.0 max_timeout_sec: 180.0
Trajectory dumped to runs/harbor-v21/athena-slowest-hard-failed7-retry-20260703T025916Z/make-mips-interpreter__Bj9PEXT/agent/trajectory.json
Sending keys: ["sed -n '265,295p' vm.js\n"] min_timeout_sec: 0.1 max_timeout_sec: 180.0
Trajectory dumped to runs/harbor-v21/athena-slowest-hard-failed7-retry-20260703T025916Z/make-mips-interpreter__Bj9PEXT/agent/trajectory.json
Sending keys: ["python3 << 'PY'\nlines = open('vm.js').readlines()\n# Find and fix the hook section\nfor i,l in enumerate(lines):\n    if 'if (pc === DG_DrawFrame_addr)' in l:\n        # The next line should be dumpFrame(); then closing brace\n        # Find the line with dumpFrame(); after i\n        for j in range(i+1, min(i+5, len(lines))):\n            if 'dumpFrame();' in lines[j]:\n                # Insert closing brace after dumpFrame();\n                lines[j] = lines[j].rstrip() + '\\n  }\\n'\n                break\n        break\nopen('vm.js','w').writelines(lines)\nprint('fixed hook structure')\nPY\n"] min_timeout_sec: 0.1 max_timeout_sec: 180.0
Sending keys: ["sed -n '270,285p' vm.js\n"] min_timeout_sec: 0.1 max_timeout_sec: 180.0
Sending keys: ['node --check vm.js 2>&1 | head -10\n'] min_timeout_sec: 0.1 max_timeout_sec: 180.0
Sending keys: ['timeout 20 node vm.js 2>&1 | head -120\n'] min_timeout_sec: 15.0 max_timeout_sec: 180.0
Trajectory dumped to runs/harbor-v21/athena-slowest-hard-failed7-retry-20260703T025916Z/make-mips-interpreter__Bj9PEXT/agent/trajectory.json
Sending keys: ["sed -n '820,830p' vm.js\n"] min_timeout_sec: 0.1 max_timeout_sec: 180.0
Sending keys: ["python3 << 'PY'\nlines = open('vm.js').readlines()\n# Fix illegal break in fastMemset - it should be 'return' not 'break'\nfor i,l in enumerate(lines):\n    if i >= 823 and i <= 828 and 'break;' in l and l.strip() == '      break;\\n':\n        lines[i] = '      return;\\n'\n        print(f'Fixed line {i+1}: break -> return')\n        break\nopen('vm.js','w').writelines(lines)\nPY\n"] min_timeout_sec: 0.1 max_timeout_sec: 180.0
Sending keys: ['node --check vm.js 2>&1 | head -10\n'] min_timeout_sec: 0.1 max_timeout_sec: 180.0
Sending keys: ['timeout 30 node vm.js 2>&1 | head -120\n'] min_timeout_sec: 25.0 max_timeout_sec: 180.0
Trajectory dumped to runs/harbor-v21/athena-slowest-hard-failed7-retry-20260703T025916Z/make-mips-interpreter__Bj9PEXT/agent/trajectory.json
Sending keys: ["nl -ba vm.js | sed -n '815,835p'\n"] min_timeout_sec: 0.1 max_timeout_sec: 180.0
Sending keys: ["python3 << 'PY'\nlines = open('vm.js').readlines()\n# Find all bare 'break;' statements that are outside switch/loop\n# Just fix line 826\nidx = 825  # 0-indexed\nif 'break;' in lines[idx]:\n    lines[idx] = lines[idx].replace('break;', 'return;')\n    print(f'Fixed line {idx+1}')\nopen('vm.js','w').writelines(lines)\nPY\n"] min_timeout_sec: 0.1 max_timeout_sec: 180.0
Sending keys: ["nl -ba vm.js | sed -n '822,830p'\n"] min_timeout_sec: 0.1 max_timeout_sec: 180.0
Sending keys: ['node --check vm.js 2>&1 | head -10\n'] min_timeout_sec: 0.1 max_timeout_sec: 180.0
Trajectory dumped to runs/harbor-v21/athena-slowest-hard-failed7-retry-20260703T025916Z/make-mips-interpreter__Bj9PEXT/agent/trajectory.json
Sending keys: ['timeout 30 node vm.js 2>&1 | head -120\n'] min_timeout_sec: 25.0 max_timeout_sec: 180.0
Trajectory dumped to runs/harbor-v21/athena-slowest-hard-failed7-retry-20260703T025916Z/make-mips-interpreter__Bj9PEXT/agent/trajectory.json
Sending keys: ["python3 << 'PY'\nlines = open('vm.js').readlines()\nidx = 825\nif 'return;' in lines[idx]:\n    lines[idx] = lines[idx].replace('return;', 'halt = true;')\n    print(f'Fixed line {idx+1}: return -> halt = true')\nopen('vm.js','w').writelines(lines)\nPY\n"] min_timeout_sec: 0.1 max_timeout_sec: 180.0
Sending keys: ['node --check vm.js 2>&1 | head -10\n'] min_timeout_sec: 0.1 max_timeout_sec: 180.0
Sending keys: ['timeout 30 node vm.js 2>&1 | head -120\n'] min_timeout_sec: 25.0 max_timeout_sec: 180.0
Trajectory dumped to runs/harbor-v21/athena-slowest-hard-failed7-retry-20260703T025916Z/make-mips-interpreter__Bj9PEXT/agent/trajectory.json
Sending keys: ["nl -ba vm.js | sed -n '820,840p'\n"] min_timeout_sec: 0.1 max_timeout_sec: 180.0
Sending keys: ["cat -A vm.js | sed -n '828,832p'\n"] min_timeout_sec: 0.1 max_timeout_sec: 180.0
Trajectory dumped to runs/harbor-v21/athena-slowest-hard-failed7-retry-20260703T025916Z/make-mips-interpreter__Bj9PEXT/agent/trajectory.json
Parser warnings: - No valid JSON object found
Parser warnings: - No valid JSON object found
Parser warnings: - No valid JSON object found
Trajectory dumped to runs/harbor-v21/athena-slowest-hard-failed7-retry-20260703T025916Z/make-mips-interpreter__Bj9PEXT/agent/trajectory.json
Collecting main service artifacts
max_turns (f.k.a. max_episodes) artificially limited to 60. Consider removing this limit for better task completion.
Installing: tmux
Detected system: {'os': 'debian-based', 'package_manager': 'apt-get', 'update_command': None}
Installing tools using apt-get: (DEBIAN_FRONTEND=noninteractive apt-get install -y --no-install-recommends tmux) || (DEBIAN_FRONTEND=noninteractive apt-get update -o Acquire::Retries=2 -o Acquire::http::Timeout=30 -o Acquire::https::Timeout=30 && DEBIAN_FRONTEND=noninteractive apt-get install -y --no-install-recommends tmux)
Parser warnings: - No valid JSON object found
Parser warnings: - No valid JSON object found
Parser warnings: - No valid JSON object found
Parser warnings: - No valid JSON object found
Parser warnings: - No valid JSON object found
Parser warnings: - No valid JSON object found
Parser warnings: - No valid JSON object found
Parser warnings: - No valid JSON object found
Parser warnings: - No valid JSON object found
Parser warnings: - No valid JSON object found
Parser warnings: - No valid JSON object found
Parser warnings: - No valid JSON object found
Parser warnings: - No valid JSON object found
Parser warnings: - No valid JSON object found
Parser warnings: - No valid JSON object found
Parser warnings: - No valid JSON object found
Parser warnings: - No valid JSON object found
Parser warnings: - No valid JSON object found
Parser warnings: - No valid JSON object found
Parser warnings: - No valid JSON object found
Parser warnings: - No valid JSON object found
Parser warnings: - No valid JSON object found
Parser warnings: - No valid JSON object found
Parser warnings: - No valid JSON object found
Parser warnings: - No valid JSON object found
Parser warnings: - No valid JSON object found
Parser warnings: - No valid JSON object found
Parser warnings: - No valid JSON object found
Parser warnings: - No valid JSON object found
Parser warnings: - No valid JSON object found
Parser warnings: - No valid JSON object found
Parser warnings: - No valid JSON object found
Parser warnings: - No valid JSON object found
Parser warnings: - No valid JSON object found
Parser warnings: - No valid JSON object found
Parser warnings: - No valid JSON object found
Parser warnings: - No valid JSON object found
Parser warnings: - No valid JSON object found
Parser warnings: - No valid JSON object found
Parser warnings: - No valid JSON object found
Parser warnings: - No valid JSON object found
Parser warnings: - No valid JSON object found
Parser warnings: - No valid JSON object found
Parser warnings: - No valid JSON object found
Parser warnings: - No valid JSON object found
Parser warnings: - No valid JSON object found
Parser warnings: - No valid JSON object found
Parser warnings: - No valid JSON object found
Trajectory dumped to runs/harbor-v21/athena-slowest-hard-failed7-retry-20260703T025916Z/protein-assembly__DucDUTr/agent/trajectory.json
Trial protein-assembly__DucDUTr cancelled
Collecting main service artifacts
