{
    "results": {
        "tool": {
            "name": "pytest",
            "version": "8.4.1"
        },
        "summary": {
            "tests": 1,
            "passed": 1,
            "failed": 0,
            "skipped": 0,
            "pending": 0,
            "other": 0,
            "start": 1782737007.6912346,
            "stop": 1782737007.7480626
        },
        "tests": [
            {
                "name": "test_outputs.py::test_gblock",
                "status": "passed",
                "duration": 0.0012408680049702525,
                "start": 1782737007.7462957,
                "stop": 1782737007.7477183,
                "retries": 0,
                "file_path": "test_outputs.py"
            }
        ]
    }
}