{
  "advisor_attempt_model_counts": {},
  "advisor_call_total": 1,
  "agent_turns": {
    "max": 21.0,
    "mean": 14.05,
    "median": 14.0,
    "min": 6.0,
    "sum": 281.0
  },
  "avg_reward_percent": 10.0,
  "call_finish_reasons": {
    "stop": 210,
    "tool_calls": 174
  },
  "call_latency_ms": {
    "max": 124974.9306673184,
    "mean": 3402.0572888475726,
    "median": 2218.5527295805514,
    "min": 978.4996248781681,
    "sum": 1306389.998917468
  },
  "cost": {
    "note": "priced_call_cost_* sums response.usage.cost_microdollars when present; unpriced calls had no cost_microdollars in the saved provider response.",
    "priced_call_cost_microdollars": 6702605,
    "priced_call_cost_usd": 6.702605,
    "priced_calls": 261,
    "tau2_agent_cost_reported": 0.0,
    "tau2_user_cost_reported": 0.0,
    "unpriced_calls": 123
  },
  "domain": "banking_knowledge",
  "duration_seconds": {
    "max": 185.7940880418755,
    "mean": 65.47946832708548,
    "median": 53.77416670857929,
    "min": 18.023538957815617,
    "sum": 1309.5893665417098
  },
  "eval": "tau2",
  "full_passes": 2,
  "generated_at": "2026-06-30T02:34:29.825077+00:00",
  "model": "trustedrouter/socrates-1.1",
  "num_tasks": 20,
  "partial_macro_percent": 23.3,
  "partial_macro_sum": 4.66,
  "partial_micro_percent": 23.3,
  "pass1_percent": 10.0,
  "raw_replay": "runs/tau2/tau2_banking_knowledge_bm25_socrates_1_1_rerun_20tasks/raw_results.json",
  "request_model_counts": {
    "openai/gpt-4.1": 123,
    "trustedrouter/socrates-1.1": 261
  },
  "response_model_counts": {
    "openai/gpt-4.1": 123,
    "xiaomi/mimo-v2.5-pro-ultraspeed": 261
  },
  "result_json": "results/tau2_banking_knowledge_bm25_socrates_1_1_rerun_20tasks.json",
  "retrieval_config": "bm25",
  "seconds_per_agent_plus_user_turn_proxy": {
    "max": 10.884294397448404,
    "mean": 3.2603002183563574,
    "median": 2.58583080069999,
    "min": 1.7388512083244594,
    "sum": 65.20600436712715
  },
  "seconds_per_agent_turn_proxy": {
    "max": 17.686978395853657,
    "mean": 4.834328589267292,
    "median": 3.80917520240681,
    "min": 2.3909204114461318,
    "sum": 96.68657178534585
  },
  "selected_model_counts": {
    "xiaomi/mimo-v2.5-pro-ultraspeed": 261
  },
  "sim_errors": 0,
  "tasks": [
    {
      "agent_turns": 14,
      "duration_s": 52.97428229218349,
      "partial": 1.0,
      "reward": 1.0,
      "seconds_per_agent_plus_user_turn_proxy": 2.7881201206412363,
      "seconds_per_agent_turn_proxy": 3.783877306584535,
      "task_id": "task_001",
      "termination": "user_stop",
      "tool_messages": 11,
      "user_turns": 5
    },
    {
      "agent_turns": 14,
      "duration_s": 53.682623375207186,
      "partial": 0.0,
      "reward": 0.0,
      "seconds_per_agent_plus_user_turn_proxy": 2.982367965289288,
      "seconds_per_agent_turn_proxy": 3.834473098229085,
      "task_id": "task_002",
      "termination": "user_stop",
      "tool_messages": 10,
      "user_turns": 4
    },
    {
      "agent_turns": 21,
      "duration_s": 55.19823479093611,
      "partial": 0.0,
      "reward": 0.0,
      "seconds_per_agent_plus_user_turn_proxy": 2.399923251779831,
      "seconds_per_agent_turn_proxy": 2.628487370996958,
      "task_id": "task_003",
      "termination": "max_steps",
      "tool_messages": 19,
      "user_turns": 2
    },
    {
      "agent_turns": 12,
      "duration_s": 52.88285204209387,
      "partial": 0.16666666666666666,
      "reward": 0.0,
      "seconds_per_agent_plus_user_turn_proxy": 2.6441426021046937,
      "seconds_per_agent_turn_proxy": 4.406904336841156,
      "task_id": "task_005",
      "termination": "user_stop",
      "tool_messages": 4,
      "user_turns": 8
    },
    {
      "agent_turns": 6,
      "duration_s": 18.023538957815617,
      "partial": 1.0,
      "reward": 1.0,
      "seconds_per_agent_plus_user_turn_proxy": 1.8023538957815617,
      "seconds_per_agent_turn_proxy": 3.0039231596359364,
      "task_id": "task_006",
      "termination": "user_stop",
      "tool_messages": 4,
      "user_turns": 4
    },
    {
      "agent_turns": 8,
      "duration_s": 141.49582716682926,
      "partial": 0.5,
      "reward": 0.0,
      "seconds_per_agent_plus_user_turn_proxy": 10.884294397448404,
      "seconds_per_agent_turn_proxy": 17.686978395853657,
      "task_id": "task_004",
      "termination": "user_stop",
      "tool_messages": 3,
      "user_turns": 5
    },
    {
      "agent_turns": 6,
      "duration_s": 34.62014116579667,
      "partial": 0.0,
      "reward": 0.0,
      "seconds_per_agent_plus_user_turn_proxy": 3.4620141165796667,
      "seconds_per_agent_turn_proxy": 5.770023527632778,
      "task_id": "task_007",
      "termination": "user_stop",
      "tool_messages": 4,
      "user_turns": 4
    },
    {
      "agent_turns": 15,
      "duration_s": 58.37380520906299,
      "partial": 0.5,
      "reward": 0.0,
      "seconds_per_agent_plus_user_turn_proxy": 2.3349522083625196,
      "seconds_per_agent_turn_proxy": 3.891587013937533,
      "task_id": "task_010",
      "termination": "user_stop",
      "tool_messages": 7,
      "user_turns": 10
    },
    {
      "agent_turns": 8,
      "duration_s": 19.127363291569054,
      "partial": 0.5,
      "reward": 0.0,
      "seconds_per_agent_plus_user_turn_proxy": 1.7388512083244594,
      "seconds_per_agent_turn_proxy": 2.3909204114461318,
      "task_id": "task_012",
      "termination": "user_stop",
      "tool_messages": 5,
      "user_turns": 3
    },
    {
      "agent_turns": 6,
      "duration_s": 21.577152291778475,
      "partial": 0.5,
      "reward": 0.0,
      "seconds_per_agent_plus_user_turn_proxy": 2.397461365753164,
      "seconds_per_agent_turn_proxy": 3.596192048629746,
      "task_id": "task_014",
      "termination": "user_stop",
      "tool_messages": 3,
      "user_turns": 3
    },
    {
      "agent_turns": 21,
      "duration_s": 133.3532498748973,
      "partial": 0.0,
      "reward": 0.0,
      "seconds_per_agent_plus_user_turn_proxy": 4.301717737899913,
      "seconds_per_agent_turn_proxy": 6.35015475594749,
      "task_id": "task_008",
      "termination": "max_steps",
      "tool_messages": 11,
      "user_turns": 10
    },
    {
      "agent_turns": 11,
      "duration_s": 32.1261702910997,
      "partial": 0.25,
      "reward": 0.0,
      "seconds_per_agent_plus_user_turn_proxy": 1.7847872383944277,
      "seconds_per_agent_turn_proxy": 2.920560935554518,
      "task_id": "task_016",
      "termination": "user_stop",
      "tool_messages": 6,
      "user_turns": 7
    },
    {
      "agent_turns": 16,
      "duration_s": 53.86571004195139,
      "partial": 0.0,
      "reward": 0.0,
      "seconds_per_agent_plus_user_turn_proxy": 1.9950262978500515,
      "seconds_per_agent_turn_proxy": 3.3666068776219618,
      "task_id": "task_015",
      "termination": "user_stop",
      "tool_messages": 5,
      "user_turns": 11
    },
    {
      "agent_turns": 12,
      "duration_s": 49.60948362480849,
      "partial": 0.0,
      "reward": 0.0,
      "seconds_per_agent_plus_user_turn_proxy": 2.611025453937289,
      "seconds_per_agent_turn_proxy": 4.134123635400708,
      "task_id": "task_018",
      "termination": "user_stop",
      "tool_messages": 5,
      "user_turns": 7
    },
    {
      "agent_turns": 21,
      "duration_s": 66.57653983402997,
      "partial": 0.0,
      "reward": 0.0,
      "seconds_per_agent_plus_user_turn_proxy": 2.560636147462691,
      "seconds_per_agent_turn_proxy": 3.170311420668094,
      "task_id": "task_017",
      "termination": "max_steps",
      "tool_messages": 16,
      "user_turns": 5
    },
    {
      "agent_turns": 21,
      "duration_s": 50.31229758262634,
      "partial": 0.0,
      "reward": 0.0,
      "seconds_per_agent_plus_user_turn_proxy": 2.0124919033050537,
      "seconds_per_agent_turn_proxy": 2.3958236944107782,
      "task_id": "task_019",
      "termination": "max_steps",
      "tool_messages": 17,