{
    "results": {
        "tool": {
            "name": "pytest",
            "version": "8.4.1"
        },
        "summary": {
            "tests": 1,
            "passed": 1,
            "failed": 0,
            "skipped": 0,
            "pending": 0,
            "other": 0,
            "start": 1782762462.5001001,
            "stop": 1782762462.5477104
        },
        "tests": [
            {
                "name": "test_outputs.py::test_tests_output",
                "status": "passed",
                "duration": 0.00046008400386199355,
                "start": 1782762462.5463254,
                "stop": 1782762462.547125,
                "retries": 0,
                "file_path": "test_outputs.py"
            }
        ]
    }
}