{
    "results": {
        "tool": {
            "name": "pytest",
            "version": "8.4.1"
        },
        "summary": {
            "tests": 2,
            "passed": 2,
            "failed": 0,
            "skipped": 0,
            "pending": 0,
            "other": 0,
            "start": 1782521044.725675,
            "stop": 1782521044.7880619
        },
        "tests": [
            {
                "name": "test_outputs.py::test_about_file",
                "status": "passed",
                "duration": 0.0008857161737978458,
                "start": 1782521044.7858386,
                "stop": 1782521044.7870543,
                "retries": 0,
                "file_path": "test_outputs.py"
            },
            {
                "name": "test_outputs.py::test_layout_file",
                "status": "passed",
                "duration": 0.0005257716402411461,
                "start": 1782521044.7872021,
                "stop": 1782521044.7878544,
                "retries": 0,
                "file_path": "test_outputs.py"
            }
        ]
    }
}