max_turns (f.k.a. max_episodes) artificially limited to 60. Consider removing this limit for better task completion.
Installing: tmux
Detected system: {'os': 'debian-based', 'package_manager': 'apt-get', 'update_command': None}
Installing tools using apt-get: (DEBIAN_FRONTEND=noninteractive apt-get install -y --no-install-recommends tmux) || (DEBIAN_FRONTEND=noninteractive apt-get update -o Acquire::Retries=2 -o Acquire::http::Timeout=30 -o Acquire::https::Timeout=30 && DEBIAN_FRONTEND=noninteractive apt-get install -y --no-install-recommends tmux)
Sending keys: ['ls -la /app\n'] min_timeout_sec: 0.1 max_timeout_sec: 180.0
Sending keys: ['file /app/mystery\n'] min_timeout_sec: 0.1 max_timeout_sec: 180.0
Sending keys: ['wc -c /app/mystery\n'] min_timeout_sec: 0.1 max_timeout_sec: 180.0
Sending keys: ['strings -a /app/mystery | head -80\n'] min_timeout_sec: 0.1 max_timeout_sec: 180.0
Sending keys: ['printf \'hello\\n\' | /app/mystery; echo "exit=$?"\n'] min_timeout_sec: 0.1 max_timeout_sec: 180.0
Trajectory dumped to runs/harbor-v21/athena-slow-hard-failed3-advisorprompt-20260702T190946Z/path-tracing-reverse__qgsHPFz/agent/trajectory.json
Sending keys: ['ls -la\n'] min_timeout_sec: 0.1 max_timeout_sec: 180.0
Sending keys: ['head -c 128 image.ppm | xxd | head -20\n'] min_timeout_sec: 0.1 max_timeout_sec: 180.0
Sending keys: ['wc -c image.ppm\n'] min_timeout_sec: 0.1 max_timeout_sec: 180.0
Sending keys: ["strings -a /app/mystery | grep -Ei 'ppm|image|render|progress|ffmpeg|done|width|height|error|usage|%|800|600' | head -100\n"] min_timeout_sec: 0.1 max_timeout_sec: 180.0
Sending keys: ['/app/mystery arg1 arg2; echo "exit=$?"\n'] min_timeout_sec: 0.1 max_timeout_sec: 180.0
Sending keys: ['printf \'\' | /app/mystery; echo "exit=$?"\n'] min_timeout_sec: 0.1 max_timeout_sec: 180.0
Sending keys: ['nm /app/mystery 2>/dev/null | head -40 || echo "no nm or no symbols"\n'] min_timeout_sec: 0.1 max_timeout_sec: 180.0
Trajectory dumped to runs/harbor-v21/athena-slow-hard-failed3-advisorprompt-20260702T190946Z/path-tracing-reverse__qgsHPFz/agent/trajectory.json
Sending keys: ['head -c 64 image.ppm | od -An -tx1 -c\n'] min_timeout_sec: 0.1 max_timeout_sec: 180.0
Sending keys: ["python3 - <<'PY'\nimport os\nb=open('image.ppm','rb').read(64)\nprint(b[:32])\nprint('total', os.path.getsize('image.ppm'))\nprint('expected P6 800 600 255 + 800*600*3 =', 15+800*600*3)\nprint('expected P6 800 600 255 + 800*600*4 =', 15+800*600*4)\nprint('expected P6 800 600 65535 + 800*600*6 =', 18+800*600*6)\nPY\n"] min_timeout_sec: 0.1 max_timeout_sec: 180.0
Sending keys: ["nm /app/mystery | grep -E ' T (main|render|write|image|ppm|draw|fractal|mandel|julia|shader|compute|pixel)' | head -50\n"] min_timeout_sec: 0.1 max_timeout_sec: 180.0
Sending keys: ["nm /app/mystery | grep ' T ' | grep -viE '_IO_|__libc_|__dl_|__rtld_|__mmap|__malloc|__free|__str|__mem|__printf|__vfprintf|__vfnprintf|__vf|__fopen|__fclose|__write|__read|__exit|__abort|__assert|__errno|__ctype|__locale|__tz|__time|__clock|__div|__mul|__udiv|__umod|__float|__fix|__floatund|__floatdid|__floatdisf|__floatundisf|__floatundid|__fixuns|__fixdf|__fixsf|__trunc|__ceil|__floor|__sqrt|__pow|__sin|__cos|__tan|__atan|__exp|__log|__fabs|__ldexp|__frexp|__modf|__rint|__nearbyint|__remainder|__copysign|__isnan|__isinf|__finite|__fenv|__fpclassify|__signbit|__nan|__hypot|__fmod|__cbrt|__sinh|__cosh|__tanh|__asin|__acos|__atan2|__log2|__log10|__exp2|__expm1|__log1p|__fma|__sincos|__lgamma|__tgamma|__erf|__erfc|__next|__nexttoward|__nextafter|__scalb|__scalbn|__scalbln|__logb|__ilogb|__ significand|__j0|__j1|__jn|__y0|__y1|__yn' | head -120\n"] min_timeout_sec: 0.1 max_timeout_sec: 180.0
Sending keys: ['which objdump gdb readelf python3 gcc gzip\n'] min_timeout_sec: 0.1 max_timeout_sec: 180.0
Trajectory dumped to runs/harbor-v21/athena-slow-hard-failed3-advisorprompt-20260702T190946Z/path-tracing-reverse__qgsHPFz/agent/trajectory.json
Sending keys: ['objdump -d --start-address=0x401740 --stop-address=0x402c30 /app/mystery | head -250\n'] min_timeout_sec: 0.1 max_timeout_sec: 180.0
Sending keys: ['objdump -d --start-address=0x402c30 --stop-address=0x402f00 /app/mystery | head -200\n'] min_timeout_sec: 0.1 max_timeout_sec: 180.0
Sending keys: ['nm /app/mystery | awk \'$2=="T" && $1>="0000000000401700" && $1<="0000000000403000"\' | sort\n'] min_timeout_sec: 0.1 max_timeout_sec: 180.0
Sending keys: ['tail -c 64 image.ppm | od -An -tx1 -c\n'] min_timeout_sec: 0.1 max_timeout_sec: 180.0
Sending keys: ['dd if=image.ppm bs=1 skip=15 count=120 2>/dev/null | od -An -c\n'] min_timeout_sec: 0.1 max_timeout_sec: 180.0
Sending keys: ['dd if=image.ppm bs=1 skip=$((15 + 120*480000/10)) count=120 2>/dev/null | od -An -c\n'] min_timeout_sec: 0.1 max_timeout_sec: 180.0
Trajectory dumped to runs/harbor-v21/athena-slow-hard-failed3-advisorprompt-20260702T190946Z/path-tracing-reverse__qgsHPFz/agent/trajectory.json
Sending keys: ['objdump -d --start-address=0x401740 --stop-address=0x401b00 /app/mystery\n'] min_timeout_sec: 0.1 max_timeout_sec: 180.0
Sending keys: ['objdump -d --start-address=0x401b00 --stop-address=0x401ea0 /app/mystery\n'] min_timeout_sec: 0.1 max_timeout_sec: 180.0
Sending keys: ['objdump -d --start-address=0x401fd0 --stop-address=0x402620 /app/mystery\n'] min_timeout_sec: 0.1 max_timeout_sec: 180.0
Sending keys: ['objdump -d --start-address=0x402620 --stop-address=0x402c30 /app/mystery\n'] min_timeout_sec: 0.1 max_timeout_sec: 180.0
Sending keys: ['objdump -d --start-address=0x402c30 --stop-address=0x402ee0 /app/mystery\n'] min_timeout_sec: 0.1 max_timeout_sec: 180.0
Sending keys: ['objdump -s -j .rodata --start-address=0x480000 --stop-address=0x480080 /app/mystery\n'] min_timeout_sec: 0.1 max_timeout_sec: 180.0
Trajectory dumped to runs/harbor-v21/athena-slow-hard-failed3-advisorprompt-20260702T190946Z/path-tracing-reverse__qgsHPFz/agent/trajectory.json
Sending keys: ['objdump -d --start-address=0x401740 --stop-address=0x401a00 /app/mystery\n'] min_timeout_sec: 0.1 max_timeout_sec: 180.0
Sending keys: ['objdump -d --start-address=0x401a00 --stop-address=0x401ea0 /app/mystery\n'] min_timeout_sec: 0.1 max_timeout_sec: 180.0
Sending keys: ['objdump -d --start-address=0x401fd0 --stop-address=0x402210 /app/mystery\n'] min_timeout_sec: 0.1 max_timeout_sec: 180.0
Sending keys: ['objdump -d --start-address=0x402210 --stop-address=0x402620 /app/mystery\n'] min_timeout_sec: 0.1 max_timeout_sec: 180.0
Sending keys: ['objdump -d --start-address=0x402620 --stop-address=0x402a00 /app/mystery\n'] min_timeout_sec: 0.1 max_timeout_sec: 180.0
Sending keys: ['objdump -d --start-address=0x402a00 --stop-address=0x402ee0 /app/mystery\n'] min_timeout_sec: 0.1 max_timeout_sec: 180.0
Trajectory dumped to runs/harbor-v21/athena-slow-hard-failed3-advisorprompt-20260702T190946Z/path-tracing-reverse__qgsHPFz/agent/trajectory.json
Sending keys: ['objdump -d --start-address=0x401740 --stop-address=0x402f00 /app/mystery > /tmp/disasm.txt\n'] min_timeout_sec: 1.0 max_timeout_sec: 180.0
Sending keys: ['wc -l /tmp/disasm.txt\n'] min_timeout_sec: 0.1 max_timeout_sec: 180.0
Sending keys: ["sed -n '1,120p' /tmp/disasm.txt\n"] min_timeout_sec: 0.1 max_timeout_sec: 180.0
Sending keys: ["sed -n '121,240p' /tmp/disasm.txt\n"] min_timeout_sec: 0.1 max_timeout_sec: 180.0
Sending keys: ["sed -n '241,360p' /tmp/disasm.txt\n"] min_timeout_sec: 0.1 max_timeout_sec: 180.0
Trajectory dumped to runs/harbor-v21/athena-slow-hard-failed3-advisorprompt-20260702T190946Z/path-tracing-reverse__qgsHPFz/agent/trajectory.json
Sending keys: ["sed -n '1,80p' /tmp/disasm.txt\n"] min_timeout_sec: 0.1 max_timeout_sec: 180.0
Trajectory dumped to runs/harbor-v21/athena-slow-hard-failed3-advisorprompt-20260702T190946Z/path-tracing-reverse__qgsHPFz/agent/trajectory.json
Sending keys: ["sed -n '81,160p' /tmp/disasm.txt\n"] min_timeout_sec: 0.1 max_timeout_sec: 180.0
Trajectory dumped to runs/harbor-v21/athena-slow-hard-failed3-advisorprompt-20260702T190946Z/path-tracing-reverse__qgsHPFz/agent/trajectory.json
Sending keys: ["nl -ba /tmp/disasm.txt | sed -n '80,180p'\n"] min_timeout_sec: 0.1 max_timeout_sec: 180.0
Trajectory dumped to runs/harbor-v21/athena-slow-hard-failed3-advisorprompt-20260702T190946Z/path-tracing-reverse__qgsHPFz/agent/trajectory.json
Sending keys: ["nl -ba /tmp/disasm.txt | sed -n '180,300p'\n"] min_timeout_sec: 0.1 max_timeout_sec: 180.0
Trajectory dumped to runs/harbor-v21/athena-slow-hard-failed3-advisorprompt-20260702T190946Z/path-tracing-reverse__qgsHPFz/agent/trajectory.json
Sending keys: ["nl -ba /tmp/disasm.txt | sed -n '180,262p'\n"] min_timeout_sec: 0.1 max_timeout_sec: 180.0
Trajectory dumped to runs/harbor-v21/athena-slow-hard-failed3-advisorprompt-20260702T190946Z/path-tracing-reverse__qgsHPFz/agent/trajectory.json
Sending keys: ["nl -ba /tmp/disasm.txt | sed -n '262,360p'\n"] min_timeout_sec: 0.1 max_timeout_sec: 180.0
Trajectory dumped to runs/harbor-v21/athena-slow-hard-failed3-advisorprompt-20260702T190946Z/path-tracing-reverse__qgsHPFz/agent/trajectory.json
Sending keys: ["nl -ba /tmp/disasm.txt | sed -n '262,322p'\n"] min_timeout_sec: 0.1 max_timeout_sec: 180.0
Trajectory dumped to runs/harbor-v21/athena-slow-hard-failed3-advisorprompt-20260702T190946Z/path-tracing-reverse__qgsHPFz/agent/trajectory.json
Sending keys: ["nl -ba /tmp/disasm.txt | sed -n '360,460p'\n"] min_timeout_sec: 0.1 max_timeout_sec: 180.0
Trajectory dumped to runs/harbor-v21/athena-slow-hard-failed3-advisorprompt-20260702T190946Z/path-tracing-reverse__qgsHPFz/agent/trajectory.json
Sending keys: ["nl -ba /tmp/disasm.txt | sed -n '360,422p'\n"] min_timeout_sec: 0.1 max_timeout_sec: 180.0
Trajectory dumped to runs/harbor-v21/athena-slow-hard-failed3-advisorprompt-20260702T190946Z/path-tracing-reverse__qgsHPFz/agent/trajectory.json
Sending keys: ["nl -ba /tmp/disasm.txt | sed -n '460,560p'\n"] min_timeout_sec: 0.1 max_timeout_sec: 180.0
Sending keys: ["nl -ba /tmp/disasm.txt | sed -n '560,660p'\n"] min_timeout_sec: 0.1 max_timeout_sec: 180.0
Sending keys: ["nl -ba /tmp/disasm.txt | sed -n '660,760p'\n"] min_timeout_sec: 0.1 max_timeout_sec: 180.0
Sending keys: ["nl -ba /tmp/disasm.txt | sed -n '760,860p'\n"] min_timeout_sec: 0.1 max_timeout_sec: 180.0
Trajectory dumped to runs/harbor-v21/athena-slow-hard-failed3-advisorprompt-20260702T190946Z/path-tracing-reverse__qgsHPFz/agent/trajectory.json
Sending keys: ["grep -n '^000000000040' /tmp/disasm.txt | sed -n '1,40p'\n"] min_timeout_sec: 0.1 max_timeout_sec: 180.0
Trajectory dumped to runs/harbor-v21/athena-slow-hard-failed3-advisorprompt-20260702T190946Z/path-tracing-reverse__qgsHPFz/agent/trajectory.json
Sending keys: ["nl -ba /tmp/disasm.txt | sed -n '543,675p'\n"] min_timeout_sec: 0.1 max_timeout_sec: 180.0
Trajectory dumped to runs/harbor-v21/athena-slow-hard-failed3-advisorprompt-20260702T190946Z/path-tracing-reverse__qgsHPFz/agent/trajectory.json
Sending keys: ["nl -ba /tmp/disasm.txt | sed -n '543,636p'\n"] min_timeout_sec: 0.1 max_timeout_sec: 180.0
Trajectory dumped to runs/harbor-v21/athena-slow-hard-failed3-advisorprompt-20260702T190946Z/path-tracing-reverse__qgsHPFz/agent/trajectory.json
Sending keys: ["nl -ba /tmp/disasm.txt | sed -n '676,780p'\n"] min_timeout_sec: 0.1 max_timeout_sec: 180.0
Sending keys: ["nl -ba /tmp/disasm.txt | sed -n '780,879p'\n"] min_timeout_sec: 0.1 max_timeout_sec: 180.0
Trajectory dumped to runs/harbor-v21/athena-slow-hard-failed3-advisorprompt-20260702T190946Z/path-tracing-reverse__qgsHPFz/agent/trajectory.json
Sending keys: ["nl -ba /tmp/disasm.txt | sed -n '676,780p'\n"] min_timeout_sec: 0.1 max_timeout_sec: 180.0
Trajectory dumped to runs/harbor-v21/athena-slow-hard-failed3-advisorprompt-20260702T190946Z/path-tracing-reverse__qgsHPFz/agent/trajectory.json
Sending keys: ["nl -ba /tmp/disasm.txt | sed -n '676,742p'\n"] min_timeout_sec: 0.1 max_timeout_sec: 180.0
Trajectory dumped to runs/harbor-v21/athena-slow-hard-failed3-advisorprompt-20260702T190946Z/path-tracing-reverse__qgsHPFz/agent/trajectory.json
Sending keys: ["nl -ba /tmp/disasm.txt | sed -n '780,879p'\n"] min_timeout_sec: 0.1 max_timeout_sec: 180.0
Trajectory dumped to runs/harbor-v21/athena-slow-hard-failed3-advisorprompt-20260702T190946Z/path-tracing-reverse__qgsHPFz/agent/trajectory.json
Sending keys: ["nl -ba /tmp/disasm.txt | sed -n '780,840p'\n"] min_timeout_sec: 0.1 max_timeout_sec: 180.0
Trajectory dumped to runs/harbor-v21/athena-slow-hard-failed3-advisorprompt-20260702T190946Z/path-tracing-reverse__qgsHPFz/agent/trajectory.json
Sending keys: ["nl -ba /tmp/disasm.txt | sed -n '879,948p'\n"] min_timeout_sec: 0.1 max_timeout_sec: 180.0
Trajectory dumped to runs/harbor-v21/athena-slow-hard-failed3-advisorprompt-20260702T190946Z/path-tracing-reverse__qgsHPFz/agent/trajectory.json
Sending keys: ['objdump -s --start-address=0x485a40 --stop-address=0x485b00 /app/mystery\n'] min_timeout_sec: 0.1 max_timeout_sec: 180.0
Sending keys: ["nl -ba /tmp/disasm.txt | sed -n '948,1001p'\n"] min_timeout_sec: 0.1 max_timeout_sec: 180.0
Trajectory dumped to runs/harbor-v21/athena-slow-hard-failed3-advisorprompt-20260702T190946Z/path-tracing-reverse__qgsHPFz/agent/trajectory.json
Sending keys: ['objdump -s --start-address=0x485a40 --stop-address=0x485b00 /app/mystery\n'] min_timeout_sec: 0.1 max_timeout_sec: 180.0
Sending keys: ["nl -ba /tmp/disasm.txt | sed -n '948,962p'\n"] min_timeout_sec: 0.1 max_timeout_sec: 180.0
Trajectory dumped to runs/harbor-v21/athena-slow-hard-failed3-advisorprompt-20260702T190946Z/path-tracing-reverse__qgsHPFz/agent/trajectory.json
Sending keys: ["nl -ba /tmp/disasm.txt | sed -n '1001,1100p'\n"] min_timeout_sec: 0.1 max_timeout_sec: 180.0
Trajectory dumped to runs/harbor-v21/athena-slow-hard-failed3-advisorprompt-20260702T190946Z/path-tracing-reverse__qgsHPFz/agent/trajectory.json
Sending keys: ["nl -ba /tmp/disasm.txt | sed -n '1101,1200p'\n"] min_timeout_sec: 0.1 max_timeout_sec: 180.0
Sending keys: ["nl -ba /tmp/disasm.txt | sed -n '1201,1294p'\n"] min_timeout_sec: 0.1 max_timeout_sec: 180.0
Trajectory dumped to runs/harbor-v21/athena-slow-hard-failed3-advisorprompt-20260702T190946Z/path-tracing-reverse__qgsHPFz/agent/trajectory.json
Parser warnings: - AUTO-CORRECTED: Fixed incomplete JSON by adding missing closing brace - please fix this in future responses
Sending keys: ["nl -ba /tmp/disasm.txt | sed -n '1101,1200p'\n"] min_timeout_sec: 0.1 max_timeout_sec: 180.0
Trajectory dumped to runs/harbor-v21/athena-slow-hard-failed3-advisorprompt-20260702T190946Z/path-tracing-reverse__qgsHPFz/agent/trajectory.json
Sending keys: ["nl -ba /tmp/disasm.txt | sed -n '1201,1255p'\n"] min_timeout_sec: 0.1 max_timeout_sec: 180.0
Sending keys: ["nl -ba /tmp/disasm.txt | sed -n '1294,1402p'\n"] min_timeout_sec: 0.1 max_timeout_sec: 180.0
Trajectory dumped to runs/harbor-v21/athena-slow-hard-failed3-advisorprompt-20260702T190946Z/path-tracing-reverse__qgsHPFz/agent/trajectory.json
Sending keys: ['objdump -s --start-address=0x480080 --stop-address=0x4800c0 /app/mystery\n'] min_timeout_sec: 0.1 max_timeout_sec: 180.0
Sending keys: ["nl -ba /tmp/disasm.txt | sed -n '1294,1364p'\n"] min_timeout_sec: 0.1 max_timeout_sec: 180.0
Sending keys: ['head -20 image.ppm | tail -5\n'] min_timeout_sec: 0.1 max_timeout_sec: 180.0
Sending keys: ["sed -n '16p;2416p;480016p;400016p;160016p' image.ppm\n"] min_timeout_sec: 0.1 max_timeout_sec: 180.0
Sending keys: ['/app/mystery 2>&1 >/dev/null | wc -l\n'] min_timeout_sec: 2.0 max_timeout_sec: 180.0
Trajectory dumped to runs/harbor-v21/athena-slow-hard-failed3-advisorprompt-20260702T190946Z/path-tracing-reverse__qgsHPFz/agent/trajectory.json
Sending keys: ['ls -la /app\n'] min_timeout_sec: 0.1 max_timeout_sec: 180.0
Sending keys: ['/app/mystery 2>/dev/null; cp image.ppm /tmp/orig.ppm; wc -c /tmp/orig.ppm\n'] min_timeout_sec: 2.0 max_timeout_sec: 180.0
Sending keys: ['head -c 200 /app/mystery.c 2>/dev/null || echo "no mystery.c"\n'] min_timeout_sec: 0.1 max_timeout_sec: 180.0
Trajectory dumped to runs/harbor-v21/athena-slow-hard-failed3-advisorprompt-20260702T190946Z/path-tracing-reverse__qgsHPFz/agent/trajectory.json
Sending keys: ["sed -n '16p;100p;400p;800p;1200p;1600p;2000p;2400p;3200p;4000p;480000p;480001p' /tmp/orig.ppm\n"] min_timeout_sec: 0.1 max_timeout_sec: 180.0
Sending keys: ['objdump -s --start-address=0x480000 --stop-address=0x480050 /app/mystery\n'] min_timeout_sec: 0.1 max_timeout_sec: 180.0
Sending keys: ["grep -n '480081\\|480093\\|4800a8\\|4800b2\\|4821f0\\|482218\\|482250' /tmp/disasm.txt | head -20\n"] min_timeout_sec: 0.1 max_timeout_sec: 180.0
Sending keys: ['objdump -s --start-address=0x480080 --stop-address=0x4800c0 /app/mystery\n'] min_timeout_sec: 0.1 max_timeout_sec: 180.0
Trajectory dumped to runs/harbor-v21/athena-slow-hard-failed3-advisorprompt-20260702T190946Z/path-tracing-reverse__qgsHPFz/agent/trajectory.json
Sending keys: ['cat > /app/mystery.c << \'CEOF\'\n#include <stdio.h>\n#include <stdlib.h>\n#include <math.h>\n\ntypedef struct{float x,y,z;}V;\ntypedef struct{V o,d;}R;\ntypedef struct{int h;float t;V p,n;}H;\n\nstatic V sub(V a,V b){return(V){a.x-b.x,a.y-b.y,a.z-b.z};}\nstatic float dotp(V a,V b){return a.x*b.x+a.y*b.y+a.z*b.z;}\nstatic V nrm(V a){float l=sqrtf(dotp(a,a));return(V){a.x/l,a.y/l,a.z/l};}\n\nstatic int si(R r,V c,float rad,H*h){\n V oc=sub(r.o,c);float a=dotp(r.d,r.d),b=2*dotp(r.d,oc),cc=dotp(oc,oc)-rad*rad;\n float d=b*b-4*a*cc;if(d<0)return 0;\n float sq=sqrtf(d),t=(-b-sq)/(2*a);\n if(t<=1e-4f)t=(-b+sq)/(2*a);\n if(t<=1e-4f)return 0;\n h->h=1;h->t=t;h->p=(V){r.o.x+r.d.x*t,r.o.y+r.d.y*t,r.o.z+r.d.z*t};h->n=nrm(sub(h->p,c));return 1;\n}\nstatic int pi(R r,H*h){\n if(r.d.y>-1e-4f)return 0;\n float t=-r.o.y/r.d.y;if(t<=1e-4f)return 0;\n h->h=1;h->t=t;h->p=(V){r.o.x+r.d.x*t,r.o.y+r.d.y*t,r.o.z+r.d.z*t};h->n=(V){0,1,0};return 1;\n}\nstatic V sky(V d){float t=(d.y+1)*.5f;return(V){1-t+.5f*t,1-t+.7f*t,1};}\nstatic int sh(V p,V l,V c,float rad){V dr=nrm(sub(l,p));R r={p,dr};H h;return si(r,c,rad,&h);}\nstatic V tr(R r,V c,float rad,V l,int dp){\n H h;\n if(si(r,c,rad,&h)){\n  if(dp>0)return(V){0,0,0};\n  V ld=nrm(sub(l,h.p)),df=fmaxf(dotp(h.n,ld),0);\n  if(sh(h.p,l,c,rad))df=0;\n  float col=.2f+.8f*df;\n  return(V){col,col,col};\n }\n if(pi(r,&h)){\n  if(dp>0)return(V){0,0,0};\n  V ld=nrm(sub(l,h.p)),df=fmaxf(dotp(h.n,ld),0);\n  if(sh(h.p,l,c,rad))df=0;\n  int fx=(int)floorf(h.p.x),fz=(int)floorf(h.p.z);\n  float b=((fx+fz)&1)?.9f:.4f;\n  float col=b*(.2f+.8f*df);\n  return(V){col,col,col};\n }\n return sky(r.d);\n}\nint main(){\n int W=800,H=600;V c=(V){0,-.5f,-5},l=(V){0,1,0};\n float**img[600];for(int y=0;y<H;y++)img[y]=malloc(W*12);\n fprintf(stderr,"Creating high-resolution image: %dx%d\\n",W,H);\n fprintf(stderr,"This will be downsampled with ffmpeg after rendering\\n");\n fprintf(stderr,"Rendering high-resolution image...\\n");\n for(int y=0;y<H;y++){\n  fprintf(stderr,"Progress: %.1f%%\\n",(float)y*100.f/600.f);\n  for(int x=0;x<W;x++){\n   float dx=(float)x/300.f-4.f/3.f,dy=1.f-2.f*(float)y/599.f,dz=-1;\n   V d=nrm((V){dx,dy,dz});R r={(V){0,0,0},d};\n   V col=tr(r,c,1.f,l,0);\n   float*p=img[y]+x*3;p[0]=col.x;p[1]=col.y;p[2]=col.z;\n  }\n }\n fprintf(stderr,"Rendering complete\\n");\n FILE*f=fopen("image.ppm","w");fprintf(f,"P3\\n%d %d\\n255\\n",W,H);\n for(int y=0;y<H;y++)for(int x=0;x<W;x++){float*p=img[y]+x*3;\n  int r=(int)(fminf(fmaxf(p[0],0),1.f)*255.f),g=(int)(fminf(fmaxf(p[1],0),1.f)*255.f),b=(int)(fminf(fmaxf(p[2],0),1.f)*255.f);\n  fprintf(f,"%d %d %d\\n",r,g,b);}\n fclose(f);\n for(int y=0;y<H;y++)free(img[y]);\n fprintf(stderr,"Wrote image to image.ppm\\n");fprintf(stderr,"Done.\\n");return 0;\n}\nCEOF\n'] min_timeout_sec: 0.1 max_timeout_sec: 180.0
Sending keys: ['gcc -static -o /app/reversed /app/mystery.c -lm 2>&1\n'] min_timeout_sec: 1.0 max_timeout_sec: 180.0
Sending keys: ['cd /app && ./reversed 2>/dev/null && cmp image.ppm /tmp/orig.ppm; echo "exit=$?"\n'] min_timeout_sec: 2.0 max_timeout_sec: 180.0
Sending keys: ['cat mystery.c | gzip | wc\n'] min_timeout_sec: 0.1 max_timeout_sec: 180.0
Trajectory dumped to runs/harbor-v21/athena-slow-hard-failed3-advisorprompt-20260702T190946Z/path-tracing-reverse__qgsHPFz/agent/trajectory.json
Sending keys: ["readelf -S /app/mystery | grep -E '485|rodata|data'\n"] min_timeout_sec: 0.1 max_timeout_sec: 180.0
Sending keys: ['objdump -s --start-address=0x485ad0 --stop-address=0x485ae0 /app/mystery\n'] min_timeout_sec: 0.1 max_timeout_sec: 180.0
Sending keys: ["sed -n '300p;3000p;30000p;300000p;480000p' /tmp/orig.ppm\n"] min_timeout_sec: 0.1 max_timeout_sec: 180.0
Sending keys: ["sed -n '180000p;180001p;200000p;200001p;240000p;240001p' /tmp/orig.ppm\n"] min_timeout_sec: 0.1 max_timeout_sec: 180.0
Trajectory dumped to runs/harbor-v21/athena-slow-hard-failed3-advisorprompt-20260702T190946Z/path-tracing-reverse__qgsHPFz/agent/trajectory.json
Sending keys: ['cat > /app/mystery.c << \'CEOF\'\n#include <stdio.h>\n#include <stdlib.h>\n#include <math.h>\ntypedef struct{float x,y,z;}V;\ntypedef struct{V o,d;}R;\ntypedef struct{int h;float t;V p,n;}H;\nstatic V sub(V a,V b){return(V){a.x-b.x,a.y-b.y,a.z-b.z};}\nstatic float dotp(V a,V b){return a.x*b.x+a.y*b.y+a.z*b.z;}\nstatic V nrm(V a){float l=sqrtf(dotp(a,a));return(V){a.x/l,a.y/l,a.z/l};}\nstatic int si(R r,V c,float rad,H*h){\n V oc=sub(r.o,c);float a=dotp(r.d,r.d),b=2*dotp(r.d,oc),cc=dotp(oc,oc)-rad*rad;\n float d=b*b-4*a*cc;if(d<0)return 0;\n float sq=sqrtf(d),t=(-b-sq)/(2*a);\n if(t<=1e-4f)t=(-b+sq)/(2*a);\n if(t<=1e-4f)return 0;\n h->h=1;h->t=t;h->p=(V){r.o.x+r.d.x*t,r.o.y+r.d.y*t,r.o.z+r.d.z*t};h->n=nrm(sub(h->p,c));return 1;\n}\nstatic int pi(R r,H*h){\n if(r.d.y>-1e-4f)return 0;\n float t=-r.o.y/r.d.y;if(t<=1e-4f)return 0;\n h->h=1;h->t=t;h->p=(V){r.o.x+r.d.x*t,r.o.y+r.d.y*t,r.o.z+r.d.z*t};h->n=(V){0,1,0};return 1;\n}\nstatic V sky(V d){float t=(d.y+1)*.5f;return(V){1-t+.5f*t,1-t+.7f*t,1};}\nstatic int sh(V p,V l,V c,float rad){V dr=nrm(sub(l,p));R r={p,dr};H h;return si(r,c,rad,&h);}\nstatic V tr(R r,V c,float rad,V l,int dp){\n H h;\n if(si(r,c,rad,&h)){\n  if(dp>0)return(V){0,0,0};\n  V ld=nrm(sub(l,h.p));float df=fmaxf(dotp(h.n,ld),0);\n  if(sh(h.p,l,c,rad))df=0;\n  float col=.2f+.8f*df;\n  return(V){col,col,col};\n }\n if(pi(r,&h)){\n  if(dp>0)return(V){0,0,0};\n  V ld=nrm(sub(l,h.p));float df=fmaxf(dotp(h.n,ld),0);\n  if(sh(h.p,l,c,rad))df=0;\n  int fx=(int)floorf(h.p.x),fz=(int)floorf(h.p.z);\n  float b=((fx+fz)&1)?.9f:.4f;\n  float col=b*(.2f+.8f*df);\n  return(V){col,col,col};\n }\n return sky(r.d);\n}\nint main(){\n int W=800,H=600;V c=(V){0,-.5f,-5},l=(V){0,1,0};\n float*img[600];for(int y=0;y<H;y++)img[y]=malloc(W*12);\n fprintf(stderr,"Creating high-resolution image: %dx%d\\n",W,H);\n fprintf(stderr,"This will be downsampled with ffmpeg after rendering\\n");\n fprintf(stderr,"Rendering high-resolution image...\\n");\n for(int y=0;y<H;y++){\n  fprintf(stderr,"Progress: %.1f%%\\n",(float)y*100.f/600.f);\n  for(int x=0;x<W;x++){\n   float dx=(float)x/300.f-4.f/3.f,dy=1.f-2.f*(float)y/599.f,dz=-1;\n   V d=nrm((V){dx,dy,dz});R r={(V){0,0,0},d};\n   V col=tr(r,c,1.f,l,0);\n   float*p=img[y]+x*3;p[0]=col.x;p[1]=col.y;p[2]=col.z;\n  }\n }\n fprintf(stderr,"Rendering complete\\n");\n FILE*f=fopen("image.ppm","w");fprintf(f,"P3\\n%d %d\\n255\\n",W,H);\n for(int y=0;y<H;y++)for(int x=0;x<W;x++){float*p=img[y]+x*3;\n  int r=(int)(fminf(fmaxf(p[0],0),1.f)*255.f),g=(int)(fminf(fmaxf(p[1],0),1.f)*255.f),b=(int)(fminf(fmaxf(p[2],0),1.f)*255.f);\n  fprintf(f,"%d %d %d\\n",r,g,b);}\n fclose(f);\n for(int y=0;y<H;y++)free(img[y]);\n fprintf(stderr,"Wrote image to image.ppm\\n");fprintf(stderr,"Done.\\n");return 0;\n}\nCEOF\n'] min_timeout_sec: 0.1 max_timeout_sec: 180.0
Sending keys: ['gcc -static -o /app/reversed /app/mystery.c -lm 2>&1\n'] min_timeout_sec: 1.0 max_timeout_sec: 180.0
Sending keys: ['cd /app && ./reversed 2>/dev/null && cmp image.ppm /tmp/orig.ppm; echo "exit=$?"\n'] min_timeout_sec: 2.0 max_timeout_sec: 180.0
Sending keys: ['cat mystery.c | gzip | wc\n'] min_timeout_sec: 0.1 max_timeout_sec: 180.0
Trajectory dumped to runs/harbor-v21/athena-slow-hard-failed3-advisorprompt-20260702T190946Z/path-tracing-reverse__qgsHPFz/agent/trajectory.json
Sending keys: ['head -20 image.ppm\n'] min_timeout_sec: 0.1 max_timeout_sec: 180.0
Sending keys: ['head -20 /tmp/orig.ppm\n'] min_timeout_sec: 0.1 max_timeout_sec: 180.0
Sending keys: ["nl -ba /tmp/disasm.txt | sed -n '126,180p'\n"] min_timeout_sec: 0.1 max_timeout_sec: 180.0
Sending keys: ['objdump -s --start-address=0x480000 --stop-address=0x480050 /app/mystery\n'] min_timeout_sec: 0.1 max_timeout_sec: 180.0
Trajectory dumped to runs/harbor-v21/athena-slow-hard-failed3-advisorprompt-20260702T190946Z/path-tracing-reverse__qgsHPFz/agent/trajectory.json
Sending keys: ['cat > /app/mystery.c << \'CEOF\'\n#include <stdio.h>\n#include <stdlib.h>\n#include <math.h>\ntypedef struct{float x,y,z;}V;\ntypedef struct{V o,d;}R;\ntypedef struct{int h;float t;V p,n;}H;\nstatic V sub(V a,V b){return(V){a.x-b.x,a.y-b.y,a.z-b.z};}\nstatic float dotp(V a,V b){return a.x*b.x+a.y*b.y+a.z*b.z;}\nstatic V nrm(V a){float l=sqrtf(dotp(a,a));return(V){a.x/l,a.y/l,a.z/l};}\nstatic int si(R r,V c,float rad,H*h){\n V oc=sub(r.o,c);float a=dotp(r.d,r.d),b=2*dotp(r.d,oc),cc=dotp(oc,oc)-rad*rad;\n float d=b*b-4*a*cc;if(d<0)return 0;\n float sq=sqrtf(d),t=(-b-sq)/(2*a);\n if(t<=1e-4f)t=(-b+sq)/(2*a);\n if(t<=1e-4f)return 0;\n h->h=1;h->t=t;h->p=(V){r.o.x+r.d.x*t,r.o.y+r.d.y*t,r.o.z+r.d.z*t};h->n=nrm(sub(h->p,c));return 1;\n}\nstatic V tr(R r,V sc,float rad,V ldir){\n H h;\n if(si(r,sc,rad,&h)){\n  V sdir=ldir;\n  R sr={h.p,sdir};H sh;\n  int shadow=si(sr,sc,rad,&sh);\n  float diff=shadow?0:fmaxf(dotp(h.n,ldir),0);\n  float base=0.2f+0.8f*diff;\n  return(V){base,0.2f*base,0.2f*base};\n }\n if(r.d.y>-1e-4f)return(V){0,0,0};\n float t=-1.5f/r.d.y;\n if(t<=1e-4f)return(V){0,0,0};\n V p=(V){r.o.x+r.d.x*t,r.o.y+r.d.y*t,r.o.z+r.d.z*t};\n V n=(V){0,1,0};\n R sr={p,ldir};H sh;\n int shadow=si(sr,sc,rad,&sh);\n float diff=shadow?0:fmaxf(dotp(n,ldir),0);\n float chk=((int)floorf(p.x)+(int)floorf(p.z))&1?0.4f:0.9f;\n float col=chk*(0.2f+0.8f*diff);\n return(V){col,col,col};\n}\nint main(){\n int W=800,H=600;\n V sc=(V){0,-0.5f,-5};\n V ldir=nrm((V){1,1,-1});\n union{unsigned u;float f;}sc2;sc2.u=0x437ffd71;\n float scale=sc2.f;\n float(*img)[3]=malloc(H*W*12);\n fprintf(stderr,"Creating high-resolution image: %dx%d\\n",W,H);\n fprintf(stderr,"This will be downsampled with ffmpeg after rendering\\n");\n fprintf(stderr,"Rendering high-resolution image...\\n");\n for(int y=0;y<H;y++){\n  fprintf(stderr,"Progress: %.1f%%\\n",(float)y*100.f/600.f);\n  for(int x=0;x<W;x++){\n   float dx=(float)x/800.f*2.6666667f-1.3333333f;\n   float dy=1.f-2.f*(float)y/599.f;\n   V d=nrm((V){dx,dy,-1});\n   R r={(V){0,0,0},d};\n   V c=tr(r,sc,1.f,ldir);\n   if(d.y>-1e-4f){float t2=(d.y+1)*0.5f;c=(V){1-0.5f*t2,1-0.3f*t2,1};}\n   float*p=img[y*W+x];p[0]=c.x;p[1]=c.y;p[2]=c.z;\n  }\n }\n fprintf(stderr,"Rendering complete\\n");\n FILE*f=fopen("image.ppm","w");fprintf(f,"P3\\n%d %d\\n255\\n",W,H);\n for(int y=0;y<H;y++)for(int x=0;x<W;x++){float*p=img[y*W+x];\n  int r=(int)(fminf(fmaxf(p[0],0),1.f)*scale);\n  int g=(int)(fminf(fmaxf(p[1],0),1.f)*scale);\n  int b=(int)(fminf(fmaxf(p[2],0),1.f)*scale);\n  fprintf(f,"%d %d %d\\n",r,g,b);}\n fclose(f);\n free(img);\n fprintf(stderr,"Wrote image to image.ppm\\n");fprintf(stderr,"Done.\\n");return 0;\n}\nCEOF\n'] min_timeout_sec: 0.1 max_timeout_sec: 180.0
Sending keys: ['gcc -static -o /app/reversed /app/mystery.c -lm 2>&1\n'] min_timeout_sec: 1.0 max_timeout_sec: 180.0
Sending keys: ['cd /app && ./reversed 2>/dev/null && cmp image.ppm /tmp/orig.ppm; echo "exit=$?"\n'] min_timeout_sec: 2.0 max_timeout_sec: 180.0
Sending keys: ['head -20 image.ppm && echo "---" && head -20 /tmp/orig.ppm\n'] min_timeout_sec: 0.1 max_timeout_sec: 180.0
Sending keys: ['cat mystery.c | gzip | wc\n'] min_timeout_sec: 0.1 max_timeout_sec: 180.0
Trajectory dumped to runs/harbor-v21/athena-slow-hard-failed3-advisorprompt-20260702T190946Z/path-tracing-reverse__qgsHPFz/agent/trajectory.json
Sending keys: ['cat > /app/mystery.c << \'CEOF\'\n#include <stdio.h>\n#include <stdlib.h>\n#include <math.h>\ntypedef struct{float x,y,z;}V;\ntypedef struct{V o,d;}R;\ntypedef struct{int h;float t;V p,n;}H;\nstatic V sub(V a,V b){return(V){a.x-b.x,a.y-b.y,a.z-b.z};}\nstatic float dotp(V a,V b){return a.x*b.x+a.y*b.y+a.z*b.z;}\nstatic V nrm(V a){float l=sqrtf(dotp(a,a));return(V){a.x/l,a.y/l,a.z/l};}\nstatic int si(R r,V c,float rad,H*h){\n V oc=sub(r.o,c);float a=dotp(r.d,r.d),b=2*dotp(r.d,oc),cc=dotp(oc,oc)-rad*rad;\n float d=b*b-4*a*cc;if(d<0)return 0;\n float sq=sqrtf(d),t=(-b-sq)/(2*a);\n if(t<=1e-4f)t=(-b+sq)/(2*a);\n if(t<=1e-4f)return 0;\n h->h=1;h->t=t;h->p=(V){r.o.x+r.d.x*t,r.o.y+r.d.y*t,r.o.z+r.d.z*t};h->n=nrm(sub(h->p,c));return 1;\n}\nstatic V sky(V d){float t=(d.y+1)*.5f;return(V){1-.5f*t,1-.3f*t,1};}\nstatic V tr(R r,V sc,float rad,V ldir,int dp){\n H h;\n if(si(r,sc,rad,&h)){\n  if(dp>0){float df=fmaxf(dotp(h.n,ldir),0);float b=.2f+.8f*df;return(V){b,.2f*b,.2f*b};}\n  R sr={h.p,ldir};H sh;int sd=si(sr,sc,rad,&sh);\n  float df=sd?0:fmaxf(dotp(h.n,ldir),0);\n  float base=.2f+.8f*df;\n  int fx=(int)floorf(h.p.x),fz=(int)floorf(h.p.z);\n  float chk=((fx+fz)&1)?.4f:.9f;\n  float col=chk*base;\n  return(V){col,col,col};\n }\n if(r.d.y>-1e-4f)return sky(r.d);\n float t=-1.5f/r.d.y;\n if(t<=1e-4f)return sky(r.d);\n V p=(V){r.o.x+r.d.x*t,r.o.y+r.d.y*t,r.o.z+r.d.z*t};\n V n=(V){0,1,0};\n R sr={p,ldir};H sh;int sd=si(sr,sc,rad,&sh);\n float df=sd?0:fmaxf(dotp(n,ldir),0);\n float base=.2f+.8f*df;\n int fx=(int)floorf(p.x),fz=(int)floorf(p.z);\n float chk=((fx+fz)&1)?.4f:.9f;\n float col=chk*base;\n return(V){col,col,col};\n}\nint main(){\n int W=800,H=600;\n V sc=(V){0,-.5f,-5};\n V ldir=nrm((V){1,1,-1});\n union{unsigned u;float f;}c1;c1.u=0x3faaaaab;\n union{unsigned u;float f;}sc2;sc2.u=0x437ffd71;\n float scale=sc2.f;\n float(*img)[3]=malloc(H*W*12);\n fprintf(stderr,"Creating high-resolution image: %dx%d\\n",W,H);\n fprintf(stderr,"This will be downsampled with ffmpeg after rendering\\n");\n fprintf(stderr,"Rendering high-resolution image...\\n");\n for(int y=0;y<H;y++){\n  fprintf(stderr,"Progress: %.1f%%\\n",(float)y*100.f/600.f);\n  for(int x=0;x<W;x++){\n   float dx=(float)x/800.f*2.6666667f-c1.f;\n   float dy=2.f*(1.f-(float)y/599.f)-1.f;\n   V d=nrm((V){dx,dy,-1});\n   R r={(V){0,0,0},d};\n   V c=tr(r,sc,1.f,ldir,0);\n   float*p=img[y*W+x];p[0]=c.x;p[1]=c.y;p[2]=c.z;\n  }\n }\n fprintf(stderr,"Rendering complete\\n");\n FILE*f=fopen("image.ppm","w");fprintf(f,"P3\\n%d %d\\n255\\n",W,H);\n for(int y=0;y<H;y++)for(int x=0;x<W;x++){float*p=img[y*W+x];\n  double r=fmin(fmax((double)p[0],0),1.0);\n  double g=fmin(fmax((double)p[1],0),1.0);\n  double b=fmin(fmax((double)p[2],0),1.0);\n  int ri=(int)((float)r*scale),gi=(int)((float)g*scale),bi=(int)((float)b*scale);\n  fprintf(f,"%d %d %d\\n",ri,gi,bi);}\n fclose(f);\n free(img);\n fprintf(stderr,"Wrote image to image.ppm\\n");fprintf(stderr,"Done.\\n");return 0;\n}\nCEOF\n'] min_timeout_sec: 0.1 max_timeout_sec: 180.0
Sending keys: ['gcc -static -o /app/reversed /app/mystery.c -lm 2>&1\n'] min_timeout_sec: 1.0 max_timeout_sec: 180.0
Sending keys: ['cd /app && ./reversed 2>/dev/null && cmp image.ppm /tmp/orig.ppm; echo "exit=$?"\n'] min_timeout_sec: 2.0 max_timeout_sec: 180.0
Sending keys: ['head -20 image.ppm && echo "---" && head -20 /tmp/orig.ppm\n'] min_timeout_sec: 0.1 max_timeout_sec: 180.0
Sending keys: ['cat mystery.c | gzip | wc\n'] min_timeout_sec: 0.1 max_timeout_sec: 180.0
Trajectory dumped to runs/harbor-v21/athena-slow-hard-failed3-advisorprompt-20260702T190946Z/path-tracing-reverse__qgsHPFz/agent/trajectory.json
Sending keys: ["sed -n '100,110p' image.ppm\n"] min_timeout_sec: 0.1 max_timeout_sec: 180.0
Sending keys: ["sed -n '100,110p' /tmp/orig.ppm\n"] min_timeout_sec: 0.1 max_timeout_sec: 180.0
Sending keys: ['diff image.ppm /tmp/orig.ppm | head -30\n'] min_timeout_sec: 1.0 max_timeout_sec: 180.0
Trajectory dumped to runs/harbor-v21/athena-slow-hard-failed3-advisorprompt-20260702T190946Z/path-tracing-reverse__qgsHPFz/agent/trajectory.json
Sending keys: ['cat > /tmp/decode.c << \'EOF\'\n#include <stdio.h>\nint main(){\n unsigned u[]={0x00020001,0x40800000,0x3883126f,0x38d1b717,0x3e4ccccd,0x3f666666,0x3ecccccd,0xbfc00000,0x3f4ccccd,0x4b000000,0x437ffd71,0xbf800000,0x42c80000,0x44160000,0x4415c000,0x4447c000,0x402aaaab,0x3faaaaab,0x00000000,0x3f800000};\n for(int i=0;i<20;i++){float f=*(float*)&u[i];printf("0x%08x = %.10g\\n",u[i],f);}\n return 0;\n}\nEOF\ngcc -o /tmp/decode /tmp/decode.c && /tmp/decode\n'] min_timeout_sec: 0.1 max_timeout_sec: 180.0
Sending keys: ['cat > /tmp/decode2.c << \'EOF\'\n#include <stdio.h>\nint main(){\n unsigned u[]={0x00000000,0xbf000000,0xc0a00000,0x3f800000,0x0000003f,0x3333333f,0x00000000,0x3ff00000,0x0000803f,0x0000803f,0x000000bf,0xc0a00000,0x3f800000,0xffffffff};\n for(int i=0;i<14;i++){float f=*(float*)&u[i];printf("0x%08x = %.10g\\n",u[i],f);}\n return 0;\n}\nEOF\ngcc -o /tmp/decode2 /tmp/decode2.c && /tmp/decode2\n'] min_timeout_sec: 0.1 max_timeout_sec: 180.0
Trajectory dumped to runs/harbor-v21/athena-slow-hard-failed3-advisorprompt-20260702T190946Z/path-tracing-reverse__qgsHPFz/agent/trajectory.json
Sending keys: ['/tmp/decode\n'] min_timeout_sec: 0.1 max_timeout_sec: 180.0
Sending keys: ['/tmp/decode2\n'] min_timeout_sec: 0.1 max_timeout_sec: 180.0
Trajectory dumped to runs/harbor-v21/athena-slow-hard-failed3-advisorprompt-20260702T190946Z/path-tracing-reverse__qgsHPFz/agent/trajectory.json
Sending keys: ['cat > /app/mystery.c << \'CEOF\'\n#include <stdio.h>\n#include <stdlib.h>\n#include <math.h>\ntypedef struct{float x,y,z;}V;\ntypedef struct{V o,d;}R;\ntypedef struct{int h;float t;V p,n;}H;\nstatic V sub(V a,V b){return(V){a.x-b.x,a.y-b.y,a.z-b.z};}\nstatic float dotp(V a,V b){return a.x*b.x+a.y*b.y+a.z*b.z;}\nstatic V nrm(V a){float l=sqrtf(dotp(a,a));return(V){a.x/l,a.y/l,a.z/l};}\nstatic union{unsigned u;float f;}EPS;\nstatic int si(R r,V c,float rad,H*h){\n V oc=sub(r.o,c);float a=dotp(r.d,r.d),b=2*dotp(r.d,oc),cc=dotp(oc,oc)-rad*rad;\n float d=b*b-4*a*cc;if(d<0)return 0;\n float sq=sqrtf(d),t=(-b-sq)/(2*a);\n if(t<=EPS.f)t=(-b+sq)/(2*a);\n if(t<=EPS.f)return 0;\n h->h=1;h->t=t;h->p=(V){r.o.x+r.d.x*t,r.o.y+r.d.y*t,r.o.z+r.d.z*t};h->n=nrm(sub(h->p,c));return 1;\n}\nstatic V sky(V d){float t=(d.y+1)*.5f;return(V){1-.5f*t,1-.3f*t,1};}\nstatic V tr(R r,V sc,float rad,V ldir){\n H h;\n if(si(r,sc,rad,&h)){\n  R sr={h.p,ldir};H sh;int sd=si(sr,sc,rad,&sh);\n  float df=sd?0:fmaxf(dotp(h.n,ldir),0);\n  float base=.2f+.8f*df;\n  int fx=(int)floorf(h.p.x),fz=(int)floorf(h.p.z);\n  float chk=((fx+fz)&1)?.4f:.9f;\n  float col=chk*base;\n  return(V){col,.2f*col,.2f*col};\n }\n if(r.d.y>-1e-4f)return sky(r.d);\n float t=-1.5f/r.d.y;\n if(t<=EPS.f)return sky(r.d);\n V p=(V){r.o.x+r.d.x*t,r.o.y+r.d.y*t,r.o.z+r.d.z*t};\n V n=(V){0,1,0};\n R sr={p,ldir};H sh;int sd=si(sr,sc,rad,&sh);\n float df=sd?0:fmaxf(dotp(n,ldir),0);\n  int fx=(int)floorf(p.x),fz=(int)floorf(p.z);\n  float chk=((fx+fz)&1)?.4f:.9f;\n  float col=chk*(.2f+.8f*df);\n  return(V){col,col,col};\n}\nint main(){\n EPS.u=0x3a83126f;\n int W=800,H=600;\n V sc=(V){0,-.5f,-5};\n V ldir=nrm((V){1,1,-1});\n union{unsigned u;float f;}c1;c1.u=0x3faaaaab;\n union{unsigned u;float f;}sc2;sc2.u=0x437ffd71;\n float scale=sc2.f;\n float(*img)[3]=malloc(H*W*12);\n fprintf(stderr,"Creating high-resolution image: %dx%d\\n",W,H);\n fprintf(stderr,"This will be downsampled with ffmpeg after rendering\\n");\n fprintf(stderr,"Rendering high-resolution image...\\n");\n for(int y=0;y<H;y++){\n  fprintf(stderr,"Progress: %.1f%%\\n",(float)y*100.f/600.f);\n  for(int x=0;x<W;x++){\n   float dx=(float)x/799.f*2.6666667f-c1.f;\n   float dy=2.f*(1.f-(float)y/599.f)-1.f;\n   V d=nrm((V){dx,dy,-1});\n   R r={(V){0,0,0},d};\n   V c=tr(r,sc,1.f,ldir);\n   float*p=img[y*W+x];p[0]=c.x;p[1]=c.y;p[2]=c.z;\n  }\n }\n fprintf(stderr,"Rendering complete\\n");\n FILE*f=fopen("image.ppm","w");fprintf(f,"P3\\n%d %d\\n255\\n",W,H);\n for(int y=0;y<H;y++)for(int x=0;x<W;x++){float*p=img[y*W+x];\n  double r=fmin(fmax((double)p[0],0),1.0);\n  double g=fmin(fmax((double)p[1],0),1.0);\n  double b=fmin(fmax((double)p[2],0),1.0);\n  int ri=(int)((float)r*scale),gi=(int)((float)g*scale),bi=(int)((float)b*scale);\n  fprintf(f,"%d %d %d\\n",ri,gi,bi);}\n fclose(f);\n free(img);\n fprintf(stderr,"Wrote image to image.ppm\\n");fprintf(stderr,"Done.\\n");return 0;\n}\nCEOF\n'] min_timeout_sec: 0.1 max_timeout_sec: 180.0
Sending keys: ['gcc -static -o /app/reversed /app/mystery.c -lm 2>&1\n'] min_timeout_sec: 1.0 max_timeout_sec: 180.0
Sending keys: ['cd /app && ./reversed 2>/dev/null && cmp image.ppm /tmp/orig.ppm; echo "exit=$?"\n'] min_timeout_sec: 2.0 max_timeout_sec: 180.0
Sending keys: ['diff image.ppm /tmp/orig.ppm | head -20\n'] min_timeout_sec: 1.0 max_timeout_sec: 180.0
Sending keys: ['cat mystery.c | gzip | wc\n'] min_timeout_sec: 0.1 max_timeout_sec: 180.0
Trajectory dumped to runs/harbor-v21/athena-slow-hard-failed3-advisorprompt-20260702T190946Z/path-tracing-reverse__qgsHPFz/agent/trajectory.json
Sending keys: ["sed -n '216390,216420p' /tmp/orig.ppm\n"] min_timeout_sec: 0.1 max_timeout_sec: 180.0
Sending keys: ["sed -n '216390,216420p' image.ppm\n"] min_timeout_sec: 0.1 max_timeout_sec: 180.0
Sending keys: ['diff image.ppm /tmp/orig.ppm | head -60\n'] min_timeout_sec: 1.0 max_timeout_sec: 180.0
Trajectory dumped to runs/harbor-v21/athena-slow-hard-failed3-advisorprompt-20260702T190946Z/path-tracing-reverse__qgsHPFz/agent/trajectory.json
Sending keys: ['cat > /app/mystery.c << \'CEOF\'\n#include <stdio.h>\n#include <stdlib.h>\n#include <math.h>\ntypedef struct{float x,y,z;}V;\ntypedef struct{V o,d;}R;\ntypedef struct{int h;float t;V p,n;}H;\nstatic V sub(V a,V b){return(V){a.x-b.x,a.y-b.y,a.z-b.z};}\nstatic float dotp(V a,V b){return a.x*b.x+a.y*b.y+a.z*b.z;}\nstatic V nrm(V a){float l=sqrtf(dotp(a,a));return(V){a.x/l,a.y/l,a.z/l};}\nstatic union{unsigned u;float f;}SE,PE;\nstatic int si(R r,V c,float rad,H*h){\n V oc=sub(r.o,c);float a=dotp(r.d,r.d),b=2*dotp(r.d,oc),cc=dotp(oc,oc)-rad*rad;\n float d=b*b-4*a*cc;if(d<0)return 0;\n float sq=sqrtf(d),t=(-b-sq)/(2*a);\n if(t<=SE.f)t=(-b+sq)/(2*a);\n if(t<=SE.f)return 0;\n h->h=1;h->t=t;h->p=(V){r.o.x+r.d.x*t,r.o.y+r.d.y*t,r.o.z+r.d.z*t};h->n=nrm(sub(h->p,c));return 1;\n}\nstatic V sky(V d){float t=(d.y+1)*.5f;return(V){1-.5f*t,1-.3f*t,1};}\nstatic V tr(R r,V sc,float rad,V ldir){\n H h;\n if(si(r,sc,rad,&h)){\n  R sr={h.p,ldir};H sh;int sd=si(sr,sc,rad,&sh);\n  float df=sd?0:fmaxf(dotp(h.n,ldir),0);\n  float col=.2f+.8f*df;\n  return(V){col,.2f*col,.2f*col};\n }\n if(r.d.y>-PE.f)return sky(r.d);\n float t=-1.5f/r.d.y;\n if(t<=PE.f)return sky(r.d);\n V p=(V){r.o.x+r.d.x*t,r.o.y+r.d.y*t,r.o.z+r.d.z*t};\n V n=(V){0,1,0};\n R sr={p,ldir};H sh;int sd=si(sr,sc,rad,&sh);\n float df=sd?0:fmaxf(dotp(n,ldir),0);\n int fx=(int)floorf(p.x),fz=(int)floorf(p.z);\n float chk=((fx+fz)&1)?.4f:.9f;\n float col=chk*(.2f+.8f*df);\n return(V){col,col,col};\n}\nint main(){\n SE.u=0x3883126f;PE.u=0x38d1b717;\n int W=800,H=600;\n V sc=(V){0,-.5f,-5};\n V ldir=nrm((V){1,1,-1});\n union{unsigned u;float f;}c1;c1.u=0x3faaaaab;\n union{unsigned u;float f;}sc2;sc2.u=0x437ffd71;\n float scale=sc2.f;\n float(*img)[3]=malloc(H*W*12);\n fprintf(stderr,"Creating high-resolution image: %dx%d\\n",W,H);\n fprintf(stderr,"This will be downsampled with ffmpeg after rendering\\n");\n fprintf(stderr,"Rendering high-resolution image...\\n");\n for(int y=0;y<H;y++){\n  fprintf(stderr,"Progress: %.1f%%\\n",(float)y*100.f/600.f);\n  for(int x=0;x<W;x++){\n   float dx=(float)x/799.f*2.6666667f-c1.f;\n   float dy=2.f*(1.f-(float)y/599.f)-1.f;\n   V d=nrm((V){dx,dy,-1});\n   R r={(V){0,0,0},d};\n   V c=tr(r,sc,1.f,ldir);\n   float*p=img[y*W+x];p[0]=c.x;p[1]=c.y;p[2]=c.z;\n  }\n }\n fprintf(stderr,"Rendering complete\\n");\n FILE*f=fopen("image.ppm","w");fprintf(f,"P3\\n%d %d\\n255\\n",W,H);\n for(int y=0;y<H;y++)for(int x=0;x<W;x++){float*p=img[y*W+x];\n  double r=fmin(fmax((double)p[0],0),1.0);\n  double g=fmin(fmax((double)p[1],0),1.0);\n  double b=fmin(fmax((double)p[2],0),1.0);\n  int ri=(int)((float)r*scale),gi=(int)((float)g*scale),bi=(int)((float)b*scale);\n  fprintf(f,"%d %d %d\\n",ri,gi,bi);}\n fclose(f);\n free(img);\n fprintf(stderr,"Wrote image to image.ppm\\n");fprintf(stderr,"Done.\\n");return 0;\n}\nCEOF\n'] min_timeout_sec: 0.1 max_timeout_sec: 180.0
Sending keys: ['gcc -static -o /app/reversed /app/mystery.c -lm 2>&1\n'] min_timeout_sec: 1.0 max_timeout_sec: 180.0
Sending keys: ['cd /app && ./reversed 2>/dev/null && cmp image.ppm /tmp/orig.ppm; echo "exit=$?"\n'] min_timeout_sec: 2.0 max_timeout_sec: 180.0
Sending keys: ['diff image.ppm /tmp/orig.ppm | head -20\n'] min_timeout_sec: 1.0 max_timeout_sec: 180.0
Sending keys: ['cat mystery.c | gzip | wc\n'] min_timeout_sec: 0.1 max_timeout_sec: 180.0
Trajectory dumped to runs/harbor-v21/athena-slow-hard-failed3-advisorprompt-20260702T190946Z/path-tracing-reverse__qgsHPFz/agent/trajectory.json
Sending keys: ['cat > /app/mystery.c << \'CEOF\'\n#include <stdio.h>\n#include <stdlib.h>\n#include <math.h>\ntypedef struct{float x,y,z;}V;\ntypedef struct{V o,d;}R;\ntypedef struct{int h;float t;V p,n;}H;\nstatic V sub(V a,V b){return(V){a.x-b.x,a.y-b.y,a.z-b.z};}\nstatic float dotp(V a,V b){return a.x*b.x+a.y*b.y+a.z*b.z;}\nstatic V nrm(V a){float l=sqrtf(dotp(a,a));return(V){a.x/l,a.y/l,a.z/l};}\nstatic union{unsigned u;float f;}SE,PE;\nstatic int si(R r,V c,float rad,H*h){\n V oc=sub(r.o,c);float a=dotp(r.d,r.d),b=2*dotp(r.d,oc),cc=dotp(oc,oc)-rad*rad;\n float d=b*b-4*a*cc;if(d<0)return 0;\n float sq=sqrtf(d),t=(-b-sq)/(2*a);\n if(t<=SE.f)t=(-b+sq)/(2*a);\n if(t<=SE.f)return 0;\n h->h=1;h->t=t;h->p=(V){r.o.x+r.d.x*t,r.o.y+r.d.y*t,r.o.z+r.d.z*t};h->n=nrm(sub(h->p,c));return 1;\n}\nstatic V sky(V d){float t=(d.y+1)*.5f;return(V){1-.5f*t,1-.3f*t,1};}\nstatic int shd(V p,V n,V ldir,V sc,float rad){\n V off={p.x+n.x*SE.f,p.y+n.y*SE.f,p.z+n.z*SE.f};\n R sr={off,ldir};H h;return si(sr,sc,rad,&h);\n}\nstatic V tr(R r,V sc,float rad,V ldir){\n H h;\n if(si(r,sc,rad,&h)){\n  int sd=shd(h.p,h.n,ldir,sc,rad);\n  float df=sd?0:fmaxf(dotp(h.n,ldir),0);\n  float col=.2f+.8f*df;\n  return(V){col,.2f*col,.2f*col};\n }\n if(r.d.y>-PE.f)return sky(r.d);\n float t=-1.5f/r.d.y;\n if(t<=PE.f)return sky(r.d);\n V p=(V){r.o.x+r.d.x*t,r.o.y+r.d.y*t,r.o.z+r.d.z*t};\n V n=(V){0,1,0};\n int sd=shd(p,n,ldir,sc,rad);\n float df=sd?0:fmaxf(dotp(n,ldir),0);\n int fx=(int)floorf(p.x),fz=(int)floorf(p.z);\n float chk=((fx+fz)&1)?.4f:.9f;\n float col=chk*(.2f+.8f*df);\n return(V){col,col,col};\n}\nint main(){\n SE.u=0x3883126f;PE.u=0x38d1b717;\n int W=800,H=600;\n V sc=(V){0,-.5f,-5};\n V ldir=nrm((V){1,1,-1});\n union{unsigned u;float f;}c1;c1.u=0x3faaaaab;\n union{unsigned u;float f;}sc2;sc2.u=0x437ffd71;\n float scale=sc2.f;\n float(*img)[3]=malloc(H*W*12);\n fprintf(stderr,"Creating high-resolution image: %dx%d\\n",W,H);\n fprintf(stderr,"This will be downsampled with ffmpeg after rendering\\n");\n fprintf(stderr,"Rendering high-resolution image...\\n");\n for(int y=0;y<H;y++){\n  fprintf(stderr,"Progress: %.1f%%\\n",(float)y*100.f/600.f);\n  for(int x=0;x<W;x++){\n   float dx=(float)x/799.f*2.6666667f-c1.f;\n   float dy=2.f*(1.f-(float)y/599.f)-1.f;\n   V d=nrm((V){dx,dy,-1});\n   R r={(V){0,0,0},d};\n   V c=tr(r,sc,1.f,ldir);\n   float*p=img[y*W+x];p[0]=c.x;p[1]=c.y;p[2]=c.z;\n  }\n }\n fprintf(stderr,"Rendering complete\\n");\n FILE*f=fopen("image.ppm","w");fprintf(f,"P3\\n%d %d\\n255\\n",W,H);\n for(int y=0;y<H;y++)for(int x=0;x<W;x++){float*p=img[y*W+x];\n  double r=fmin(fmax((double)p[0],0),1.0);\n  double g=fmin(fmax((double)p[1],0),1.0);\n  double b=fmin(fmax((double)p[2],0),1.0);\n  int ri=(int)((float)r*scale),gi=(int)((float)g*scale),bi=(int)((float)b*scale);\n  fprintf(f,"%d %d %d\\n",ri,gi,bi);}\n fclose(f);\n free(img);\n fprintf(stderr,"Wrote image to image.ppm\\n");fprintf(stderr,"Done.\\n");return 0;\n}\nCEOF\n'] min_timeout_sec: 0.1 max_timeout_sec: 180.0
Sending keys: ['gcc -static -o /app/reversed /app/mystery.c -lm 2>&1\n'] min_timeout_sec: 1.0 max_timeout_sec: 180.0
Sending keys: ['cd /app && ./reversed 2>/dev/null && cmp image.ppm /tmp/orig.ppm; echo "exit=$?"\n'] min_timeout_sec: 2.0 max_timeout_sec: 180.0
Sending keys: ['diff image.ppm /tmp/orig.ppm | head -20\n'] min_timeout_sec: 1.0 max_timeout_sec: 180.0
Sending keys: ['cat mystery.c | gzip | wc\n'] min_timeout_sec: 0.1 max_timeout_sec: 180.0
Trajectory dumped to runs/harbor-v21/athena-slow-hard-failed3-advisorprompt-20260702T190946Z/path-tracing-reverse__qgsHPFz/agent/trajectory.json
Sending keys: ["nl -ba /tmp/disasm.txt | sed -n '1192,1290p'\n"] min_timeout_sec: 0.1 max_timeout_sec: 180.0
Sending keys: ['diff image.ppm /tmp/orig.ppm | wc -l\n'] min_timeout_sec: 1.0 max_timeout_sec: 180.0
Sending keys: ['diff image.ppm /tmp/orig.ppm | tail -20\n'] min_timeout_sec: 0.1 max_timeout_sec: 180.0
Trajectory dumped to runs/harbor-v21/athena-slow-hard-failed3-advisorprompt-20260702T190946Z/path-tracing-reverse__qgsHPFz/agent/trajectory.json
Sending keys: ["nl -ba /tmp/disasm.txt | sed -n '1192,1270p'\n"] min_timeout_sec: 0.1 max_timeout_sec: 180.0
Sending keys: ["nl -ba /tmp/disasm.txt | sed -n '283,338p'\n"] min_timeout_sec: 0.1 max_timeout_sec: 180.0
Trajectory dumped to runs/harbor-v21/athena-slow-hard-failed3-advisorprompt-20260702T190946Z/path-tracing-reverse__qgsHPFz/agent/trajectory.json
Sending keys: ['cat > /app/mystery.c << \'CEOF\'\n#include <stdio.h>\n#include <stdlib.h>\n#include <math.h>\ntypedef struct{float x,y,z;}V;\ntypedef struct{V o,d;}R;\ntypedef struct{int h;float t;V p,n;}H;\nstatic V sub(V a,V b){return(V){a.x-b.x,a.y-b.y,a.z-b.z};}\nstatic float dotp(V a,V b){return a.x*b.x+a.y*b.y+a.z*b.z;}\nstatic V nrm(V a){float l=sqrtf(dotp(a,a));return(V){a.x/l,a.y/l,a.z/l};}\nstatic union{unsigned u;float f;}SE,PE;\nstatic float flr(float x){\n if(fabsf(x)>=8388608.0f)return x;\n int t=(int)x;float tf=(float)t;\n if(tf>x)tf-=1.0f;\n if((*(unsigned*)&x)&0x80000000)(*(unsigned*)&tf)|=0x80000000;\n return tf;\n}\nstatic int si(R r,V c,float rad,H*h){\n V oc=sub(r.o,c);float a=dotp(r.d,r.d),hb=dotp(r.d,oc),cc=dotp(oc,oc)-rad*rad;\n float d=hb*hb-a*cc;if(d<0)return 0;\n float sq=sqrtf(d),t=(-hb-sq)/a;\n if(t<=SE.f)t=(-hb+sq)/a;\n if(t<=SE.f)return 0;\n h->h=1;h->t=t;h->p=(V){r.o.x+r.d.x*t,r.o.y+r.d.y*t,r.o.z+r.d.z*t};h->n=nrm(sub(h->p,c));return 1;\n}\nstatic V sky(V d){float t=(d.y+1)*.5f;return(V){1-.5f*t,1-.3f*t,1};}\nstatic int shd(V p,V n,V ldir,V sc,float rad){\n V off={p.x+n.x*SE.f,p.y+n.y*SE.f,p.z+n.z*SE.f};\n R sr={off,ldir};H h;return si(sr,sc,rad,&h);\n}\nstatic V tr(R r,V sc,float rad,V ldir){\n H h;\n if(si(r,sc,rad,&h)){\n  int sd=shd(h.p,h.n,ldir,sc,rad);\n  float df=sd?0:fmaxf(dotp(h.n,ldir),0);\n  float col=.2f+.8f*df;\n  return(V){col,.2f*col,.2f*col};\n }\n if(r.d.y>-PE.f)return sky(r.d);\n float t=-1.5f/r.d.y;\n if(t<=PE.f)return sky(r.d);\n V p=(V){r.o.x+r.d.x*t,r.o.y+r.d.y*t,r.o.z+r.d.z*t};\n V n=(V){0,1,0};\n int sd=shd(p,n,ldir,sc,rad);\n float df=sd?0:fmaxf(dotp(n,ldir),0);\n double fx=(double)flr(p.z),fz=(double)flr(p.x);\n int par=(int)(fx+fz);\n float chk=(par&1)?.4f:.9f;\n float col=chk*(.2f+.8f*df);\n return(V){col,col,col};\n}\nint main(){\n SE.u=0x3883126f;PE.u=0x38d1b717;\n int W=800,H=600;\n V sc=(V){0,-.5f,-5};\n V ldir=nrm((V){1,1,-1});\n union{unsigned u;float f;}c1;c1.u=0x3faaaaab;\n union{unsigned u;float f;}sc2;sc2.u=0x437ffd71;\n float scale=sc2.f;\n float(*img)[3]=malloc(H*W*12);\n fprintf(stderr,"Creating high-resolution image: %dx%d\\n",W,H);\n fprintf(stderr,"This will be downsampled with ffmpeg after rendering\\n");\n fprintf(stderr,"Rendering high-resolution image...\\n");\n for(int y=0;y<H;y++){\n  fprintf(stderr,"Progress: %.1f%%\\n",(float)y*100.f/600.f);\n  for(int x=0;x<W;x++){\n   float dx=(float)x/799.f*2.6666667f-c1.f;\n   float dy=2.f*(1.f-(float)y/599.f)-1.f;\n   V d=nrm((V){dx,dy,-1});\n   R r={(V){0,0,0},d};\n   V c=tr(r,sc,1.f,ldir);\n   float*p=img[y*W+x];p[0]=c.x;p[1]=c.y;p[2]=c.z;\n  }\n }\n fprintf(stderr,"Rendering complete\\n");\n FILE*f=fopen("image.ppm","w");fprintf(f,"P3\\n%d %d\\n255\\n",W,H);\n for(int y=0;y<H;y++)for(int x=0;x<W;x++){float*p=img[y*W+x];\n  double r=fmin(fmax((double)p[0],0),1.0);\n  double g=fmin(fmax((double)p[1],0),1.0);\n  double b=fmin(fmax((double)p[2],0),1.0);\n  int ri=(int)((float)r*scale),gi=(int)((float)g*scale),bi=(int)((float)b*scale);\n  fprintf(f,"%d %d %d\\n",ri,gi,bi);}\n fclose(f);\n free(img);\n fprintf(stderr,"Wrote image to image.ppm\\n");fprintf(stderr,"Done.\\n");return 0;\n}\nCEOF\n'] min_timeout_sec: 0.1 max_timeout_sec: 180.0
Sending keys: ['gcc -static -o /app/reversed /app/mystery.c -lm 2>&1\n'] min_timeout_sec: 1.0 max_timeout_sec: 180.0
Sending keys: ['cd /app && ./reversed 2>/dev/null && cmp image.ppm /tmp/orig.ppm; echo "exit=$?"\n'] min_timeout_sec: 2.0 max_timeout_sec: 180.0
Sending keys: ['diff image.ppm /tmp/orig.ppm | head -20\n'] min_timeout_sec: 1.0 max_timeout_sec: 180.0
Sending keys: ['cat mystery.c | gzip | wc\n'] min_timeout_sec: 0.1 max_timeout_sec: 180.0
Trajectory dumped to runs/harbor-v21/athena-slow-hard-failed3-advisorprompt-20260702T190946Z/path-tracing-reverse__qgsHPFz/agent/trajectory.json
Sending keys: ['cat > /app/mystery.c << \'CEOF\'\n#include <stdio.h>\n#include <stdlib.h>\n#include <math.h>\ntypedef struct{float x,y,z;}V;\ntypedef struct{V o,d;}R;\ntypedef struct{int h;float t;V p,n;}H;\nstatic V sub(V a,V b){return(V){a.x-b.x,a.y-b.y,a.z-b.z};}\nstatic float dotp(V a,V b){return a.x*b.x+a.y*b.y+a.z*b.z;}\nstatic V nrm(V a){float l=sqrtf(dotp(a,a));return(V){a.x/l,a.y/l,a.z/l};}\nstatic union{unsigned u;float f;}SE,PE;\nstatic float flr(float x){\n if(fabsf(x)>=8388608.0f)return x;\n int t=(int)x;float tf=(float)t;\n unsigned xu=*(unsigned*)&x;\n float ones=1.0f;\n if(!(tf<x)){float m=(*(unsigned*)&ones)&(*(unsigned*)&x);tf-=*(float*)&m;}\n if(xu&0x80000000)(*(unsigned*)&tf)|=0x80000000;\n return tf;\n}\nstatic int si(R r,V c,float rad,H*h){\n V oc=sub(r.o,c);float a=dotp(r.d,r.d),hb=dotp(r.d,oc),cc=dotp(oc,oc)-rad*rad;\n float d=hb*hb-a*cc;if(d<0)return 0;\n float sq=sqrtf(d),t=(-hb-sq)/a;\n if(t<=SE.f)t=(-hb+sq)/a;\n if(t<=SE.f)return 0;\n h->h=1;h->t=t;h->p=(V){r.o.x+r.d.x*t,r.o.y+r.d.y*t,r.o.z+r.d.z*t};h->n=nrm(sub(h->p,c));return 1;\n}\nstatic V sky(V d){float t=(d.y+1)*.5f;return(V){1-.5f*t,1-.3f*t,1};}\nstatic int shd(V p,V n,V ldir,V sc,float rad){\n V off={p.x+n.x*SE.f,p.y+n.y*SE.f,p.z+n.z*SE.f};\n R sr={off,ldir};H h;return si(sr,sc,rad,&h);\n}\nstatic V tr(R r,V sc,float rad,V ldir){\n H h;\n if(si(r,sc,rad,&h)){\n  int sd=shd(h.p,h.n,ldir,sc,rad);\n  float df=sd?0:fmaxf(dotp(h.n,ldir),0);\n  float col=.2f+.8f*df;\n  return(V){col,.2f*col,.2f*col};\n }\n if(r.d.y>-PE.f)return sky(r.d);\n float t=-1.5f/r.d.y;\n if(t<=PE.f)return sky(r.d);\n V p=(V){r.o.x+r.d.x*t,r.o.y+r.d.y*t,r.o.z+r.d.z*t};\n V n=(V){0,1,0};\n int sd=shd(p,n,ldir,sc,rad);\n float df=sd?0:fmaxf(dotp(n,ldir),0);\n double fx=(double)flr(p.x),fz=(double)flr(p.z);\n int par=(int)(fx+fz);\n float chk=(par&1)?.4f:.9f;\n float col=chk*(.2f+.8f*df);\n return(V){col,col,col};\n}\nint main(){\n SE.u=0x3883126f;PE.u=0x38d1b717;\n int W=800,H=600;\n V sc=(V){0,-.5f,-5};\n V ldir=nrm((V){1,1,-1});\n union{unsigned u;float f;}c1;c1.u=0x3faaaaab;\n union{unsigned u;float f;}sc2;sc2.u=0x437ffd71;\n float scale=sc2.f;\n float(*img)[3]=malloc(H*W*12);\n fprintf(stderr,"Creating high-resolution image: %dx%d\\n",W,H);\n fprintf(stderr,"This will be downsampled with ffmpeg after rendering\\n");\n fprintf(stderr,"Rendering high-resolution image...\\n");\n for(int y=0;y<H;y++){\n  fprintf(stderr,"Progress: %.1f%%\\n",(float)y*100.f/600.f);\n  for(int x=0;x<W;x++){\n   float dx=(float)x/799.f*2.6666667f-c1.f;\n   float dy=2.f*(1.f-(float)y/599.f)-1.f;\n   V d=nrm((V){dx,dy,-1});\n   R r={(V){0,0,0},d};\n   V c=tr(r,sc,1.f,ldir);\n   float*p=img[y*W+x];p[0]=c.x;p[1]=c.y;p[2]=c.z;\n  }\n }\n fprintf(stderr,"Rendering complete\\n");\n FILE*f=fopen("image.ppm","w");fprintf(f,"P3\\n%d %d\\n255\\n",W,H);\n for(int y=0;y<H;y++)for(int x=0;x<W;x++){float*p=img[y*W+x];\n  double r=fmin(fmax((double)p[0],0),1.0);\n  double g=fmin(fmax((double)p[1],0),1.0);\n  double b=fmin(fmax((double)p[2],0),1.0);\n  int ri=(int)((float)r*scale),gi=(int)((float)g*scale),bi=(int)((float)b*scale);\n  fprintf(f,"%d %d %d\\n",ri,gi,bi);}\n fclose(f);\n free(img);\n fprintf(stderr,"Wrote image to image.ppm\\n");fprintf(stderr,"Done.\\n");return 0;\n}\nCEOF\n'] min_timeout_sec: 0.1 max_timeout_sec: 180.0
Sending keys: ['gcc -static -o /app/reversed /app/mystery.c -lm 2>&1\n'] min_timeout_sec: 1.0 max_timeout_sec: 180.0
Sending keys: ['cd /app && ./reversed 2>/dev/null && cmp image.ppm /tmp/orig.ppm; echo "exit=$?"\n'] min_timeout_sec: 2.0 max_timeout_sec: 180.0
Sending keys: ['diff image.ppm /tmp/orig.ppm | wc -l\n'] min_timeout_sec: 1.0 max_timeout_sec: 180.0
Sending keys: ['cat mystery.c | gzip | wc\n'] min_timeout_sec: 0.1 max_timeout_sec: 180.0
Trajectory dumped to runs/harbor-v21/athena-slow-hard-failed3-advisorprompt-20260702T190946Z/path-tracing-reverse__qgsHPFz/agent/trajectory.json
Sending keys: ['cat > /app/mystery.c << \'CEOF\'\n#include <stdio.h>\n#include <stdlib.h>\n#include <math.h>\ntypedef struct{float x,y,z;}V;\ntypedef struct{V o,d;}R;\ntypedef struct{int h;float t;V p,n;}H;\nstatic V sub(V a,V b){return(V){a.x-b.x,a.y-b.y,a.z-b.z};}\nstatic float dotp(V a,V b){return a.x*b.x+a.y*b.y+a.z*b.z;}\nstatic V nrm(V a){float l=sqrtf(dotp(a,a));return(V){a.x/l,a.y/l,a.z/l};}\nstatic union{unsigned u;float f;}SE,PE;\nstatic float flr(float x){\n if(fabsf(x)>=8388608.0f)return x;\n int t=(int)x;float tf=(float)t;\n if(tf>x)tf-=1.0f;\n if((*(unsigned*)&x)&0x80000000)(*(unsigned*)&tf)|=0x80000000;\n return tf;\n}\nstatic int si(R r,V c,float rad,H*h){\n V oc=sub(r.o,c);float a=dotp(r.d,r.d),hb=dotp(r.d,oc),cc=dotp(oc,oc)-rad*rad;\n float d=hb*hb-a*cc;if(d<0)return 0;\n float sq=sqrtf(d),t=(-hb-sq)/a;\n if(t<=SE.f)t=(-hb+sq)/a;\n if(t<=SE.f)return 0;\n h->h=1;h->t=t;h->p=(V){r.o.x+r.d.x*t,r.o.y+r.d.y*t,r.o.z+r.d.z*t};h->n=nrm(sub(h->p,c));return 1;\n}\nstatic V sky(V d){float t=(d.y+1)*.5f;return(V){1-.5f*t,1-.3f*t,1};}\nstatic int shd(V p,V n,V ldir,V sc,float rad){\n V off={p.x+n.x*SE.f,p.y+n.y*SE.f,p.z+n.z*SE.f};\n R sr={off,ldir};H h;return si(sr,sc,rad,&h);\n}\nstatic V tr(R r,V sc,float rad,V ldir){\n H h;\n if(si(r,sc,rad,&h)){\n  int sd=shd(h.p,h.n,ldir,sc,rad);\n  float df=sd?0:fmaxf(dotp(h.n,ldir),0);\n  float col=.2f+.8f*df;\n  return(V){col,.2f*col,.2f*col};\n }\n if(r.d.y>-PE.f)return sky(r.d);\n float t=-1.5f/r.d.y;\n if(t<=PE.f)return sky(r.d);\n V p=(V){r.o.x+r.d.x*t,r.o.y+r.d.y*t,r.o.z+r.d.z*t};\n V n=(V){0,1,0};\n int sd=shd(p,n,ldir,sc,rad);\n float df=sd?0:fmaxf(dotp(n,ldir),0);\n double fx=(double)flr(p.x),fz=(double)flr(p.z);\n int par=(int)(fx+fz);\n float chk=(par&1)?.4f:.9f;\n float col=chk*(.2f+.8f*df);\n return(V){col,col,col};\n}\nint main(){\n SE.u=0x3883126f;PE.u=0x38d1b717;\n int W=800,H=600;\n V sc=(V){0,-.5f,-5};\n V ldir=nrm((V){1,1,-1});\n union{unsigned u;float f;}c1;c1.u=0x3faaaaab;\n union{unsigned u;float f;}sc2;sc2.u=0x437ffd71;\n float scale=sc2.f;\n float(*img)[3]=malloc(H*W*12);\n fprintf(stderr,"Creating high-resolution image: %dx%d\\n",W,H);\n fprintf(stderr,"This will be downsampled with ffmpeg after rendering\\n");\n fprintf(stderr,"Rendering high-resolution image...\\n");\n for(int y=0;y<H;y++){\n  fprintf(stderr,"Progress: %.1f%%\\n",(float)y*600.f/599.f);\n  for(int x=0;x<W;x++){\n   float dx=(float)x/799.f*2.6666667f-c1.f;\n   float dy=2.f*(1.f-(float)y/599.f)-1.f;\n   V d=nrm((V){dx,dy,-1});\n   R r={(V){0,0,0},d};\n   V c=tr(r,sc,1.f,ldir);\n   float*p=img[y*W+x];p[0]=c.x;p[1]=c.y;p[2]=c.z;\n  }\n }\n fprintf(stderr,"Rendering complete\\n");\n FILE*f=fopen("image.ppm","w");fprintf(f,"P3\\n%d %d\\n255\\n",W,H);\n for(int y=0;y<H;y++)for(int x=0;x<W;x++){float*p=img[y*W+x];\n  double r=fmin(fmax((double)p[0],0),1.0);\n  double g=fmin(fmax((double)p[1],0),1.0);\n  double b=fmin(fmax((double)p[2],0),1.0);\n  int ri=(int)((float)r*scale),gi=(int)((float)g*scale),bi=(int)((float)b*scale);\n  fprintf(f,"%d %d %d\\n",ri,gi,bi);}\n fclose(f);\n free(img);\n fprintf(stderr,"Wrote image to image.ppm\\n");fprintf(stderr,"Done.\\n");return 0;\n}\nCEOF\n'] min_timeout_sec: 0.1 max_timeout_sec: 180.0
Sending keys: ['gcc -static -o /app/reversed /app/mystery.c -lm 2>&1\n'] min_timeout_sec: 1.0 max_timeout_sec: 180.0
Sending keys: ['cd /app && ./reversed 2>/dev/null && diff image.ppm /tmp/orig.ppm > /tmp/diffs.txt; wc -l /tmp/diffs.txt; head -60 /tmp/diffs.txt\n'] min_timeout_sec: 2.0 max_timeout_sec: 180.0
Sending keys: ['cat > /tmp/mapdiff.c << \'EOF\'\n#include <stdio.h>\n#include <stdlib.h>\nint main(){\n FILE*f=fopen("/tmp/diffs.txt","r");char line[256];\n while(fgets(line,256,f)){\n  int n;if(sscanf(line,"%dc",&n)==1||sscanf(line,"%dd",&n)==1||sscanf(line,"%da",&n)==1){\n   int pi=n-4;if(pi<0)continue;int y=pi/800,x=pi%800;printf("line=%d pixel=(%d,%d) %s",n,x,y,line);\n  }else fputs(line,stdout);\n }\n return 0;\n}\nEOF\ngcc -o /tmp/mapdiff /tmp/mapdiff.c && /tmp/mapdiff | head -80\n'] min_timeout_sec: 0.1 max_timeout_sec: 180.0
Sending keys: ['cat mystery.c | gzip | wc\n'] min_timeout_sec: 0.1 max_timeout_sec: 180.0
Trajectory dumped to runs/harbor-v21/athena-slow-hard-failed3-advisorprompt-20260702T190946Z/path-tracing-reverse__qgsHPFz/agent/trajectory.json
Sending keys: ['/tmp/mapdiff | head -80\n'] min_timeout_sec: 0.1 max_timeout_sec: 180.0
Sending keys: ['wc -l image.ppm /tmp/orig.ppm\n'] min_timeout_sec: 0.1 max_timeout_sec: 180.0
Sending keys: ["sed -n '378590,378620p' /tmp/orig.ppm\n"] min_timeout_sec: 0.1 max_timeout_sec: 180.0
Sending keys: ["sed -n '378590,378620p' image.ppm\n"] min_timeout_sec: 0.1 max_timeout_sec: 180.0
Trajectory dumped to runs/harbor-v21/athena-slow-hard-failed3-advisorprompt-20260702T190946Z/path-tracing-reverse__qgsHPFz/agent/trajectory.json
Sending keys: ['/tmp/mapdiff | head -80\n'] min_timeout_sec: 0.1 max_timeout_sec: 180.0
Sending keys: ['cat > /app/mystery.c << \'CEOF\'\n#include <stdio.h>\n#include <stdlib.h>\n#include <math.h>\ntypedef struct{float x,y,z;}V;\ntypedef struct{V o,d;}R;\ntypedef struct{int h;float t;V p,n;}H;\nstatic V sub(V a,V b){return(V){a.x-b.x,a.y-b.y,a.z-b.z};}\nstatic float dotp(V a,V b){return a.x*b.x+a.y*b.y+a.z*b.z;}\nstatic V nrm(V a){float l=sqrtf(dotp(a,a));return(V){a.x/l,a.y/l,a.z/l};}\nstatic union{unsigned u;float f;}SE,PE;\nstatic float flr(float x){\n if(fabsf(x)>=8388608.0f)return x;\n int t=(int)x;float tf=(float)t;\n if(tf>=x)tf-=1.0f;\n if((*(unsigned*)&x)&0x80000000)(*(unsigned*)&tf)|=0x80000000;\n return tf;\n}\nstatic int si(R r,V c,float rad,H*h){\n V oc=sub(r.o,c);float a=dotp(r.d,r.d),hb=dotp(r.d,oc),cc=dotp(oc,oc)-rad*rad;\n float d=hb*hb-a*cc;if(d<0)return 0;\n float sq=sqrtf(d),t=(-hb-sq)/a;\n if(t<=SE.f)t=(-hb+sq)/a;\n if(t<=SE.f)return 0;\n h->h=1;h->t=t;h->p=(V){r.o.x+r.d.x*t,r.o.y+r.d.y*t,r.o.z+r.d.z*t};h->n=nrm(sub(h->p,c));return 1;\n}\nstatic V sky(V d){float t=(d.y+1)*.5f;return(V){1-.5f*t,1-.3f*t,1};}\nstatic int shd(V p,V n,V ldir,V sc,float rad){\n V off={p.x+n.x*SE.f,p.y+n.y*SE.f,p.z+n.z*SE.f};\n R sr={off,ldir};H h;return si(sr,sc,rad,&h);\n}\nstatic V tr(R r,V sc,float rad,V ldir){\n H h;\n if(si(r,sc,rad,&h)){\n  int sd=shd(h.p,h.n,ldir,sc,rad);\n  float df=sd?0:fmaxf(dotp(h.n,ldir),0);\n  float col=.2f+.8f*df;\n  return(V){col,.2f*col,.2f*col};\n }\n if(r.d.y>-PE.f)return sky(r.d);\n float t=-1.5f/r.d.y;\n if(t<=PE.f)return sky(r.d);\n V p=(V){r.o.x+r.d.x*t,r.o.y+r.d.y*t,r.o.z+r.d.z*t};\n V n=(V){0,1,0};\n int sd=shd(p,n,ldir,sc,rad);\n float df=sd?0:fmaxf(dotp(n,ldir),0);\n double fx=(double)flr(p.x),fz=(double)flr(p.z);\n int par=(int)(fx+fz);\n float chk=(par&1)?.4f:.9f;\n float col=chk*(.2f+.8f*df);\n return(V){col,col,col};\n}\nint main(){\n SE.u=0x3883126f;PE.u=0x38d1b717;\n int W=800,H=600;\n V sc=(V){0,-.5f,-5};\n V ldir=nrm((V){1,1,-1});\n union{unsigned u;float f;}c1;c1.u=0x3faaaaab;\n union{unsigned u;float f;}sc2;sc2.u=0x437ffd71;\n float scale=sc2.f;\n float(*img)[3]=malloc(H*W*12);\n fprintf(stderr,"Creating high-resolution image: %dx%d\\n",W,H);\n fprintf(stderr,"This will be downsampled with ffmpeg after rendering\\n");\n fprintf(stderr,"Rendering high-resolution image...\\n");\n for(int y=0;y<H;y++){\n  fprintf(stderr,"Progress: %.1f%%\\n",(float)y*600.f/599.f);\n  for(int x=0;x<W;x++){\n   float dx=(float)x/799.f*2.6666667f-c1.f;\n   float dy=2.f*(1.f-(float)y/599.f)-1.f;\n   V d=nrm((V){dx,dy,-1});\n   R r={(V){0,0,0},d};\n   V c=tr(r,sc,1.f,ldir);\n   float*p=img[y*W+x];p[0]=c.x;p[1]=c.y;p[2]=c.z;\n  }\n }\n fprintf(stderr,"Rendering complete\\n");\n FILE*f=fopen("image.ppm","w");fprintf(f,"P3\\n%d %d\\n255\\n",W,H);\n for(int y=0;y<H;y++)for(int x=0;x<W;x++){float*p=img[y*W+x];\n  double r=fmin(fmax((double)p[0],0),1.0);\n  double g=fmin(fmax((double)p[1],0),1.0);\n  double b=fmin(fmax((double)p[2],0),1.0);\n  int ri=(int)((float)r*scale),gi=(int)((float)g*scale),bi=(int)((float)b*scale);\n  fprintf(f,"%d %d %d\\n",ri,gi,bi);}\n fclose(f);\n free(img);\n fprintf(stderr,"Wrote image to image.ppm\\n");fprintf(stderr,"Done.\\n");return 0;\n}\nCEOF\n'] min_timeout_sec: 0.1 max_timeout_sec: 180.0
Sending keys: ['gcc -static -o /app/reversed /app/mystery.c -lm 2>&1\n'] min_timeout_sec: 1.0 max_timeout_sec: 180.0
Sending keys: ['cd /app && ./reversed 2>/dev/null && cmp image.ppm /tmp/orig.ppm; echo "exit=$?"\n'] min_timeout_sec: 2.0 max_timeout_sec: 180.0
Sending keys: ['diff image.ppm /tmp/orig.ppm | wc -l\n'] min_timeout_sec: 1.0 max_timeout_sec: 180.0
Sending keys: ['cat mystery.c | gzip | wc\n'] min_timeout_sec: 0.1 max_timeout_sec: 180.0
Trajectory dumped to runs/harbor-v21/athena-slow-hard-failed3-advisorprompt-20260702T190946Z/path-tracing-reverse__qgsHPFz/agent/trajectory.json
Sending keys: ['cat > /app/mystery.c << \'CEOF\'\n#include <stdio.h>\n#include <stdlib.h>\n#include <math.h>\ntypedef struct{float x,y,z;}V;\ntypedef struct{V o,d;}R;\ntypedef struct{int h;float t;V p,n;}H;\nstatic V sub(V a,V b){return(V){a.x-b.x,a.y-b.y,a.z-b.z};}\nstatic float dotp(V a,V b){return a.x*b.x+a.y*b.y+a.z*b.z;}\nstatic V nrm(V a){float l=sqrtf(dotp(a,a));return(V){a.x/l,a.y/l,a.z/l};}\nstatic union{unsigned u;float f;}SE,PE;\nstatic float flr(float x){\n if(fabsf(x)>=8388608.0f)return x;\n int t=(int)x;float tf=(float)t;\n if(tf>x)tf-=1.0f;\n if((*(unsigned*)&x)&0x80000000)(*(unsigned*)&tf)|=0x80000000;\n return tf;\n}\nstatic int si(R r,V c,float rad,H*h){\n V oc=sub(r.o,c);float a=dotp(r.d,r.d),b=2*dotp(r.d,oc),cc=dotp(oc,oc)-rad*rad;\n float d=b*b-4*a*cc;if(d<0)return 0;\n float sq=sqrtf(d),t=(-b-sq)/(2*a);\n if(t<=SE.f)t=(-b+sq)/(2*a);\n if(t<=SE.f)return 0;\n h->h=1;h->t=t;h->p=(V){r.o.x+r.d.x*t,r.o.y+r.d.y*t,r.o.z+r.d.z*t};h->n=nrm(sub(h->p,c));return 1;\n}\nstatic V sky(V d){float t=(d.y+1)*.5f;return(V){1-.5f*t,1-.3f*t,1};}\nstatic int shd(V p,V ldir,V sc,float rad){\n R sr={p,ldir};H h;return si(sr,sc,rad,&h);\n}\nstatic V tr(R r,V sc,float rad,V ldir){\n H h;\n if(si(r,sc,rad,&h)){\n  int sd=shd(h.p,ldir,sc,rad);\n  float df=sd?0:fmaxf(dotp(h.n,ldir),0);\n  float col=.2f+.8f*df;\n  return(V){col,.2f*col,.2f*col};\n }\n if(r.d.y>-PE.f)return sky(r.d);\n float t=-1.5f/r.d.y;\n if(t<=PE.f)return sky(r.d);\n V p=(V){r.o.x+r.d.x*t,r.o.y+r.d.y*t,r.o.z+r.d.z*t};\n V n=(V){0,1,0};\n int sd=shd(p,ldir,sc,rad);\n float df=sd?0:fmaxf(dotp(n,ldir),0);\n double fx=(double)flr(p.x),fz=(double)flr(p.z);\n int par=(int)(fx+fz);\n float chk=(par&1)?.4f:.9f;\n float col=chk*(.2f+.8f*df);\n return(V){col,col,col};\n}\nint main(){\n SE.u=0x3883126f;PE.u=0x38d1b717;\n int W=800,H=600;\n V sc=(V){0,-.5f,-5};\n V ldir=nrm((V){1,1,-1});\n union{unsigned u;float f;}c1;c1.u=0x3faaaaab;\n union{unsigned u;float f;}sc2;sc2.u=0x437ffd71;\n float scale=sc2.f;\n float(*img)[3]=malloc(H*W*12);\n fprintf(stderr,"Creating high-resolution image: %dx%d\\n",W,H);\n fprintf(stderr,"This will be downsampled with ffmpeg after rendering\\n");\n fprintf(stderr,"Rendering high-resolution image...\\n");\n for(int y=0;y<H;y++){\n  fprintf(stderr,"Progress: %.1f%%\\n",(float)y*100.f/599.f);\n  for(int x=0;x<W;x++){\n   float dx=(float)x/799.f*2.6666667f-c1.f;\n   float dy=1.f-(float)y/300.f;\n   V d=nrm((V){dx,dy,-1});\n   R r={(V){0,0,0},d};\n   V c=tr(r,sc,1.f,ldir);\n   float*p=img[y*W+x];p[0]=c.x;p[1]=c.y;p[2]=c.z;\n  }\n }\n fprintf(stderr,"Rendering complete\\n");\n FILE*f=fopen("image.ppm","w");fprintf(f,"P3\\n%d %d\\n255\\n",W,H);\n for(int y=0;y<H;y++)for(int x=0;x<W;x++){float*p=img[y*W+x];\n  double r=fmin(fmax((double)p[0],0),1.0);\n  double g=fmin(fmax((double)p[1],0),1.0);\n  double b=fmin(fmax((double)p[2],0),1.0);\n  int ri=(int)((float)r*scale),gi=(int)((float)g*scale),bi=(int)((float)b*scale);\n  fprintf(f,"%d %d %d\\n",ri,gi,bi);}\n fclose(f);\n free(img);\n fprintf(stderr,"Wrote image to image.ppm\\n");fprintf(stderr,"Done.\\n");return 0;\n}\nCEOF\n'] min_timeout_sec: 0.1 max_timeout_sec: 180.0
Sending keys: ['gcc -static -o /app/reversed /app/mystery.c -lm 2>&1\n'] min_timeout_sec: 1.0 max_timeout_sec: 180.0
Sending keys: ['cd /app && ./reversed 2>/dev/null && diff image.ppm /tmp/orig.ppm | wc -l\n'] min_timeout_sec: 2.0 max_timeout_sec: 180.0
Sending keys: ['diff image.ppm /tmp/orig.ppm | head -20\n'] min_timeout_sec: 0.1 max_timeout_sec: 180.0
Sending keys: ['cat mystery.c | gzip | wc\n'] min_timeout_sec: 0.1 max_timeout_sec: 180.0
Trajectory dumped to runs/harbor-v21/athena-slow-hard-failed3-advisorprompt-20260702T190946Z/path-tracing-reverse__qgsHPFz/agent/trajectory.json
Sending keys: ['cat > /app/mystery.c << \'CEOF\'\n#include <stdio.h>\n#include <stdlib.h>\n#include <math.h>\ntypedef struct{float x,y,z;}V;\ntypedef struct{V o,d;}R;\ntypedef struct{int h;float t;V p,n;}H;\nstatic V sub(V a,V b){return(V){a.x-b.x,a.y-b.y,a.z-b.z};}\nstatic float dotp(V a,V b){return a.x*b.x+a.y*b.y+a.z*b.z;}\nstatic V nrm(V a){float l=sqrtf(dotp(a,a));return(V){a.x/l,a.y/l,a.z/l};}\nstatic union{unsigned u;float f;}SE,PE;\nstatic float flr(float x){\n if(fabsf(x)>=8388608.0f)return x;\n int t=(int)x;float tf=(float)t;\n if(tf>x)tf-=1.0f;\n if((*(unsigned*)&x)&0x80000000)(*(unsigned*)&tf)|=0x80000000;\n return tf;\n}\nstatic int si(R r,V c,float rad,H*h){\n V oc=sub(r.o,c);float a=dotp(r.d,r.d),b=2*dotp(r.d,oc),cc=dotp(oc,oc)-rad*rad;\n float d=b*b-4*a*cc;if(d<0)return 0;\n double dd=(double)d,sq=sqrt(dd),db=(double)b,da=(double)a;\n double t0=(db-sq)/da,t1=(db+sq)/da;\n float t=(float)t0;\n if(t<=SE.f)t=(float)t1;\n if(t<=SE.f)return 0;\n h->h=1;h->t=t;h->p=(V){r.o.x+r.d.x*t,r.o.y+r.d.y*t,r.o.z+r.d.z*t};h->n=nrm(sub(h->p,c));return 1;\n}\nstatic V sky(V d){float t=(d.y+1)*.5f;return(V){1-.5f*t,1-.3f*t,1};}\nstatic int shd(V p,V n,V ldir,V sc,float rad){\n V off={p.x+n.x*SE.f,p.y+n.y*SE.f,p.z+n.z*SE.f};\n R sr={off,ldir};H h;return si(sr,sc,rad,&h);\n}\nstatic V tr(R r,V sc,float rad,V ldir){\n H h;\n if(si(r,sc,rad,&h)){\n  int sd=shd(h.p,h.n,ldir,sc,rad);\n  float df=sd?0:fmaxf(dotp(h.n,ldir),0);\n  float col=.2f+.8f*df;\n  return(V){col,.2f*col,.2f*col};\n }\n if(r.d.y>-PE.f)return sky(r.d);\n float t=-1.5f/r.d.y;\n if(t<=PE.f)return sky(r.d);\n V p=(V){r.o.x+r.d.x*t,r.o.y+r.d.y*t,r.o.z+r.d.z*t};\n V n=(V){0,1,0};\n int sd=shd(p,n,ldir,sc,rad);\n float df=sd?0:fmaxf(dotp(n,ldir),0);\n double fx=(double)flr(p.x),fz=(double)flr(p.z);\n int par=(int)(fx+fz);\n float chk=(par&1)?.4f:.9f;\n float col=chk*(.2f+.8f*df);\n return(V){col,col,col};\n}\nint main(){\n SE.u=0x3883126f;PE.u=0x38d1b717;\n int W=800,H=600;\n V sc=(V){0,-.5f,-5};\n V ldir=nrm((V){1,1,-1});\n union{unsigned u;float f;}c1;c1.u=0x3faaaaab;\n union{unsigned u;float f;}sc2;sc2.u=0x437ffd71;\n float scale=sc2.f;\n float(*img)[3]=malloc(H*W*12);\n fprintf(stderr,"Creating high-resolution image: %dx%d\\n",W,H);\n fprintf(stderr,"This will be downsampled with ffmpeg after rendering\\n");\n fprintf(stderr,"Rendering high-resolution image...\\n");\n for(int y=0;y<H;y++){\n  fprintf(stderr,"\\rProgress: %.1f%%",(float)y*100.f/600.f);\n  for(int x=0;x<W;x++){\n   float dx=(float)x/799.f*2.6666667f-c1.f;\n   float dy=2.f*(1.f-(float)y/599.f)-1.f;\n   V d=nrm((V){dx,dy,-1});\n   R r={(V){0,0,0},d};\n   V c=tr(r,sc,1.f,ldir);\n   float*p=img[y*W+x];p[0]=c.x;p[1]=c.y;p[2]=c.z;\n  }\n }\n fprintf(stderr,"\\nRendering complete\\n");\n FILE*f=fopen("image.ppm","w");fprintf(f,"P3\\n%d %d\\n255\\n",W,H);\n for(int y=0;y<H;y++)for(int x=0;x<W;x++){float*p=img[y*W+x];\n  double r=fmin(fmax((double)p[0],0),1.0);\n  double g=fmin(fmax((double)p[1],0),1.0);\n  double b=fmin(fmax((double)p[2],0),1.0);\n  int ri=(int)((float)r*scale),gi=(int)((float)g*scale),bi=(int)((float)b*scale);\n  fprintf(f,"%d %d %d\\n",ri,gi,bi);}\n fclose(f);\n free(img);\n fprintf(stderr,"Wrote image to image.ppm\\n");fprintf(stderr,"Done.\\n");return 0;\n}\nCEOF\n'] min_timeout_sec: 0.1 max_timeout_sec: 180.0
Sending keys: ['gcc -static -o /app/reversed /app/mystery.c -lm 2>&1\n'] min_timeout_sec: 1.0 max_timeout_sec: 180.0
Sending keys: ['cd /app && ./reversed 2>/dev/null && cmp image.ppm /tmp/orig.ppm; echo "exit=$?"\n'] min_timeout_sec: 2.0 max_timeout_sec: 180.0
Sending keys: ['diff image.ppm /tmp/orig.ppm | wc -l\n'] min_timeout_sec: 1.0 max_timeout_sec: 180.0
Sending keys: ['cat mystery.c | gzip | wc\n'] min_timeout_sec: 0.1 max_timeout_sec: 180.0
Trajectory dumped to runs/harbor-v21/athena-slow-hard-failed3-advisorprompt-20260702T190946Z/path-tracing-reverse__qgsHPFz/agent/trajectory.json
Sending keys: ['objdump -s --start-address=0x485a54 --stop-address=0x485a70 /app/mystery\n'] min_timeout_sec: 0.1 max_timeout_sec: 180.0
Sending keys: ['cat > /app/mystery.c << \'CEOF\'\n#include <stdio.h>\n#include <stdlib.h>\n#include <math.h>\ntypedef struct{float x,y,z;}V;\ntypedef struct{V o,d;}R;\ntypedef struct{int h;float t;V p,n;}H;\nstatic V sub(V a,V b){return(V){a.x-b.x,a.y-b.y,a.z-b.z};}\nstatic float dotp(V a,V b){return a.x*b.x+a.y*b.y+a.z*b.z;}\nstatic V nrm(V a){float l=sqrtf(dotp(a,a));return(V){a.x/l,a.y/l,a.z/l};}\nstatic union{unsigned u;float f;}SE,PE;\nstatic float flr(float x){\n if(fabsf(x)>=8388608.0f)return x;\n int t=(int)x;float tf=(float)t;\n if(tf>x)tf-=1.0f;\n if((*(unsigned*)&x)&0x80000000)(*(unsigned*)&tf)|=0x80000000;\n return tf;\n}\nstatic int si(R r,V c,float rad,H*h){\n V oc=sub(r.o,c);float a=dotp(r.d,r.d),hb=dotp(r.d,oc),cc=dotp(oc,oc)-rad*rad;\n float d=hb*hb-a*cc;if(d<0)return 0;\n float sq=sqrtf(d),t=(-hb-sq)/a;\n if(t<=SE.f)t=(-hb+sq)/a;\n if(t<=SE.f)return 0;\n h->h=1;h->t=t;h->p=(V){r.o.x+r.d.x*t,r.o.y+r.d.y*t,r.o.z+r.d.z*t};h->n=nrm(sub(h->p,c));return 1;\n}\nstatic V sky(V d){float t=(d.y+1)*.5f;return(V){1-.5f*t,1-.3f*t,1};}\nstatic int shd(V p,V n,V ldir,V sc,float rad){\n V off={p.x+n.x*SE.f,p.y+n.y*SE.f,p.z+n.z*SE.f};\n R sr={off,ldir};H h;return si(sr,sc,rad,&h);\n}\nstatic V tr(R r,V sc,float rad,V ldir){\n H h;\n if(si(r,sc,rad,&h)){\n  int sd=shd(h.p,h.n,ldir,sc,rad);\n  float df=sd?0:fmaxf(dotp(h.n,ldir),0);\n  float col=.2f+.8f*df;\n  return(V){col,.2f*col,.2f*col};\n }\n if(r.d.y>-PE.f)return sky(r.d);\n float t=-1.5f/r.d.y;\n if(t<=PE.f)return sky(r.d);\n V p=(V){r.o.x+r.d.x*t,r.o.y+r.d.y*t,r.o.z+r.d.z*t};\n V n=(V){0,1,0};\n int sd=shd(p,n,ldir,sc,rad);\n float df=sd?0:fmaxf(dotp(n,ldir),0);\n double fx=(double)flr(p.x),fz=(double)flr(p.z);\n int par=(int)(fx+fz);\n float chk=(par&1)?.4f:.9f;\n float col=chk*(.2f+.8f*df);\n return(V){col,col,col};\n}\nint main(){\n SE.u=0x3883126f;PE.u=0x38d1b717;\n int W=800,H=600;\n V sc=(V){0,-.5f,-5};\n V ldir=nrm((V){1,1,-1});\n union{unsigned u;float f;}c1;c1.u=0x3faaaaab;\n union{unsigned u;float f;}sc2;sc2.u=0x437ffd71;\n float scale=sc2.f;\n float(*img)[3]=malloc(H*W*12);\n fprintf(stderr,"Creating high-resolution image: %dx%d\\n",W,H);\n fprintf(stderr,"This will be downsampled with ffmpeg after rendering\\n");\n fprintf(stderr,"Rendering high-resolution image...\\n");\n for(int y=0;y<H;y++){\n  fprintf(stderr,"\\rProgress: %.1f%%",(float)y*100.f/600.f);\n  for(int x=0;x<W;x++){\n   float dx=(float)x/799.f*2.6666667f-c1.f;\n   float dy=2.f*(1.f-(float)y/599.f)-1.f;\n   V d=nrm((V){dx,dy,-1});\n   R r={(V){0,0,0},d};\n   V c=tr(r,sc,1.f,ldir);\n   float*p=img[y*W+x];p[0]=c.x;p[1]=c.y;p[2]=c.z;\n  }\n }\n fprintf(stderr,"\\nRendering complete\\n");\n FILE*f=fopen("image.ppm","w");fprintf(f,"P3\\n%d %d\\n255\\n",W,H);\n for(int y=0;y<H;y++)for(int x=0;x<W;x++){float*p=img[y*W+x];\n  double r=fmin(fmax((double)p[0],0),1.0);\n  double g=fmin(fmax((double)p[1],0),1.0);\n  double b=fmin(fmax((double)p[2],0),1.0);\n  int ri=(int)((float)r*scale),gi=(int)((float)g*scale),bi=(int)((float)b*scale);\n  fprintf(f,"%d %d %d\\n",ri,gi,bi);}\n fclose(f);\n free(img);\n fprintf(stderr,"Wrote image to image.ppm\\n");fprintf(stderr,"Done.\\n");return 0;\n}\nCEOF\n'] min_timeout_sec: 0.1 max_timeout_sec: 180.0
Sending keys: ['gcc -static -o /app/reversed /app/mystery.c -lm 2>&1\n'] min_timeout_sec: 1.0 max_timeout_sec: 180.0
Sending keys: ['cd /app && ./reversed 2>/dev/null && diff image.ppm /tmp/orig.ppm | wc -l\n'] min_timeout_sec: 2.0 max_timeout_sec: 180.0
Sending keys: ['cat mystery.c | gzip | wc\n'] min_timeout_sec: 0.1 max_timeout_sec: 180.0
Trajectory dumped to runs/harbor-v21/athena-slow-hard-failed3-advisorprompt-20260702T190946Z/path-tracing-reverse__qgsHPFz/agent/trajectory.json
Sending keys: ['/app/mystery 2>/tmp/orig_stderr.txt >/dev/null; ./reversed 2>/tmp/my_stderr.txt >/dev/null; diff /tmp/orig_stderr.txt /tmp/my_stderr.txt; echo "exit=$?"\n'] min_timeout_sec: 2.0 max_timeout_sec: 180.0
Sending keys: ["nl -ba /tmp/disasm.txt | sed -n '1192,1220p'\n"] min_timeout_sec: 0.1 max_timeout_sec: 180.0
Sending keys: ["nl -ba /tmp/disasm.txt | sed -n '1220,1270p'\n"] min_timeout_sec: 0.1 max_timeout_sec: 180.0
Sending keys: ['sed -n \'1,5p\' /tmp/orig_stderr.txt; echo "---"; sed -n \'1,5p\' /tmp/my_stderr.txt\n'] min_timeout_sec: 0.1 max_timeout_sec: 180.0
Trajectory dumped to runs/harbor-v21/athena-slow-hard-failed3-advisorprompt-20260702T190946Z/path-tracing-reverse__qgsHPFz/agent/trajectory.json
Trajectory dumped to runs/harbor-v21/athena-slow-hard-failed3-advisorprompt-20260702T190946Z/path-tracing-reverse__qgsHPFz/agent/trajectory.json
Collecting main service artifacts
max_turns (f.k.a. max_episodes) artificially limited to 60. Consider removing this limit for better task completion.
Both tmux and asciinema are already installed
Sending keys: ['ls -la /app\n'] min_timeout_sec: 0.1 max_timeout_sec: 180.0
Sending keys: ["find /app/data -maxdepth 2 -type f -printf '%p %s bytes\\n' | sort\n"] min_timeout_sec: 0.1 max_timeout_sec: 180.0
Sending keys: ['head -n 3 /app/data/*\n'] min_timeout_sec: 0.1 max_timeout_sec: 180.0
Sending keys: ["python3 - <<'PY'\nimport fasttext, os\nprint('fasttext ok', fasttext.__version__ if hasattr(fasttext, '__version__') else '')\nPY\n"] min_timeout_sec: 1.0 max_timeout_sec: 180.0
Trajectory dumped to runs/harbor-v21/athena-slow-hard-failed3-advisorprompt-20260702T190946Z/train-fasttext__BSErTMq/agent/trajectory.json
Sending keys: ['pip install fasttext\n'] min_timeout_sec: 20.0 max_timeout_sec: 180.0
Sending keys: ["python3 - <<'PY'\nimport pandas as pd\nfor name in ['train','test']:\n    path=f'/app/data/{name}-00000-of-00001.parquet'\n    df=pd.read_parquet(path)\n    print('\\n==', name, '==')\n    print('shape', df.shape)\n    print('columns', list(df.columns))\n    print('dtypes', df.dtypes)\n    print(df.head(3).to_string())\n    for c in df.columns:\n        if df[c].dtype == 'object' or str(df[c].dtype).startswith('int') or str(df[c].dtype).startswith('float'):\n            try:\n                print(c, 'nunique', df[c].nunique(), 'sample values', df[c].dropna().unique()[:10])\n            except Exception as e:\n                print(c, 'err', e)\nPY\n"] min_timeout_sec: 1.0 max_timeout_sec: 180.0
Trajectory dumped to runs/harbor-v21/athena-slow-hard-failed3-advisorprompt-20260702T190946Z/train-fasttext__BSErTMq/agent/trajectory.json
Parser warnings: - Command 1 should end with newline when followed by another command. Otherwise the two commands will be concatenated together on the same line.
Sending keys: [''] min_timeout_sec: 2.0 max_timeout_sec: 180.0
Sending keys: ['g++ --version | head -n 1\n'] min_timeout_sec: 0.1 max_timeout_sec: 180.0
Sending keys: ["python3 - <<'PY'\nimport pandas as pd\nprint('pandas', pd.__version__)\nimport pyarrow\nprint('pyarrow', pyarrow.__version__)\nPY\n"] min_timeout_sec: 1.0 max_timeout_sec: 180.0
Trajectory dumped to runs/harbor-v21/athena-slow-hard-failed3-advisorprompt-20260702T190946Z/train-fasttext__BSErTMq/agent/trajectory.json
Sending keys: ['apt-get update && DEBIAN_FRONTEND=noninteractive apt-get install -y g++ make\n'] min_timeout_sec: 60.0 max_timeout_sec: 180.0
Sending keys: ['pip install fasttext\n'] min_timeout_sec: 60.0 max_timeout_sec: 180.0
Trajectory dumped to runs/harbor-v21/athena-slow-hard-failed3-advisorprompt-20260702T190946Z/train-fasttext__BSErTMq/agent/trajectory.json
Sending keys: ['which g++ && g++ --version | head -n 1\n'] min_timeout_sec: 0.1 max_timeout_sec: 180.0
Sending keys: ['pip install --no-build-isolation fasttext\n'] min_timeout_sec: 60.0 max_timeout_sec: 180.0
Trajectory dumped to runs/harbor-v21/athena-slow-hard-failed3-advisorprompt-20260702T190946Z/train-fasttext__BSErTMq/agent/trajectory.json
Sending keys: ["dpkg -l | grep -E 'g\\+\\+|gcc-12|make' | head -n 20\n"] min_timeout_sec: 0.1 max_timeout_sec: 180.0
Sending keys: ['command -v g++ || true; command -v gcc || true; command -v make || true\n'] min_timeout_sec: 60.0 max_timeout_sec: 180.0
Sending keys: ['apt-get update && DEBIAN_FRONTEND=noninteractive apt-get install -y g++ make\n'] min_timeout_sec: 60.0 max_timeout_sec: 180.0
Sending keys: ['which g++ && g++ --version | head -n 1\n'] min_timeout_sec: 0.1 max_timeout_sec: 180.0
Trajectory dumped to runs/harbor-v21/athena-slow-hard-failed3-advisorprompt-20260702T190946Z/train-fasttext__BSErTMq/agent/trajectory.json
Sending keys: ['pip install fasttext\n'] min_timeout_sec: 60.0 max_timeout_sec: 180.0
Sending keys: ["python3 - <<'PY'\nimport fasttext\nprint('fasttext ok')\nPY\n"] min_timeout_sec: 1.0 max_timeout_sec: 180.0
Trajectory dumped to runs/harbor-v21/athena-slow-hard-failed3-advisorprompt-20260702T190946Z/train-fasttext__BSErTMq/agent/trajectory.json
Sending keys: ["python3 - <<'PY'\nimport pandas as pd\nimport os\n\nos.makedirs('/app/work', exist_ok=True)\n\nfor name in ['train', 'test']:\n    path = f'/app/data/{name}-00000-of-00001.parquet'\n    df = pd.read_parquet(path)\n    print(f'{name}: shape={df.shape}')\n    print(df['label'].value_counts(normalize=True).sort_index())\n    out = f'/app/work/{name}.txt'\n    with open(out, 'w', encoding='utf-8') as f:\n        for label, text in zip(df['label'], df['text']):\n            text = str(text).replace('\\n', ' ').replace('\\r', ' ').strip()\n            f.write(f'__label__{label} {text}\\n')\n    print(f'wrote {out}, size={os.path.getsize(out)} bytes')\nPY\n"] min_timeout_sec: 10.0 max_timeout_sec: 180.0
Sending keys: ['head -n 2 /app/work/train.txt && wc -l /app/work/train.txt /app/work/test.txt\n'] min_timeout_sec: 0.1 max_timeout_sec: 180.0
Trajectory dumped to runs/harbor-v21/athena-slow-hard-failed3-advisorprompt-20260702T190946Z/train-fasttext__BSErTMq/agent/trajectory.json
Sending keys: ['python3 - <<\'PY\'\nimport fasttext\nimport os\nimport time\n\nstart = time.time()\nmodel = fasttext.train_supervised(\n    input=\'/app/work/train.txt\',\n    dim=100,\n    bucket=200000,\n    wordNgrams=2,\n    epoch=15,\n    lr=0.5,\n    minCount=2,\n    thread=4,\n    verbose=2\n)\nprint(f\'Training time: {time.time()-start:.1f}s\')\n\nmodel.save_model(\'/app/model.bin\')\nprint(f\'Model saved to /app/model.bin\')\nprint(f\'Model size: {os.path.getsize("/app/model.bin")/1024/1024:.2f} MB\')\n\nresult = model.test(\'/app/work/test.txt\')\nprint(f\'Test samples: {result[0]}, accuracy: {result[1]:.4f}\')\nPY\n'] min_timeout_sec: 60.0 max_timeout_sec: 180.0
Trajectory dumped to runs/harbor-v21/athena-slow-hard-failed3-advisorprompt-20260702T190946Z/train-fasttext__BSErTMq/agent/trajectory.json
Sending keys: ['\n'] min_timeout_sec: 30.0 max_timeout_sec: 180.0
Trajectory dumped to runs/harbor-v21/athena-slow-hard-failed3-advisorprompt-20260702T190946Z/train-fasttext__BSErTMq/agent/trajectory.json
Sending keys: ['\n'] min_timeout_sec: 30.0 max_timeout_sec: 180.0
Trajectory dumped to runs/harbor-v21/athena-slow-hard-failed3-advisorprompt-20260702T190946Z/train-fasttext__BSErTMq/agent/trajectory.json
Sending keys: ['\n'] min_timeout_sec: 30.0 max_timeout_sec: 180.0
Trajectory dumped to runs/harbor-v21/athena-slow-hard-failed3-advisorprompt-20260702T190946Z/train-fasttext__BSErTMq/agent/trajectory.json
Sending keys: ['\n'] min_timeout_sec: 30.0 max_timeout_sec: 180.0
Trajectory dumped to runs/harbor-v21/athena-slow-hard-failed3-advisorprompt-20260702T190946Z/train-fasttext__BSErTMq/agent/trajectory.json
Sending keys: ['\n'] min_timeout_sec: 30.0 max_timeout_sec: 180.0
Trajectory dumped to runs/harbor-v21/athena-slow-hard-failed3-advisorprompt-20260702T190946Z/train-fasttext__BSErTMq/agent/trajectory.json
Sending keys: ['\n'] min_timeout_sec: 30.0 max_timeout_sec: 180.0
Trajectory dumped to runs/harbor-v21/athena-slow-hard-failed3-advisorprompt-20260702T190946Z/train-fasttext__BSErTMq/agent/trajectory.json
Sending keys: ['\n'] min_timeout_sec: 30.0 max_timeout_sec: 180.0
Trajectory dumped to runs/harbor-v21/athena-slow-hard-failed3-advisorprompt-20260702T190946Z/train-fasttext__BSErTMq/agent/trajectory.json
Sending keys: ['\n'] min_timeout_sec: 30.0 max_timeout_sec: 180.0
Trajectory dumped to runs/harbor-v21/athena-slow-hard-failed3-advisorprompt-20260702T190946Z/train-fasttext__BSErTMq/agent/trajectory.json
Sending keys: ['\n'] min_timeout_sec: 30.0 max_timeout_sec: 180.0
Trajectory dumped to runs/harbor-v21/athena-slow-hard-failed3-advisorprompt-20260702T190946Z/train-fasttext__BSErTMq/agent/trajectory.json
Sending keys: ['\n'] min_timeout_sec: 30.0 max_timeout_sec: 180.0
Trajectory dumped to runs/harbor-v21/athena-slow-hard-failed3-advisorprompt-20260702T190946Z/train-fasttext__BSErTMq/agent/trajectory.json
Sending keys: ['\n'] min_timeout_sec: 30.0 max_timeout_sec: 180.0
Trajectory dumped to runs/harbor-v21/athena-slow-hard-failed3-advisorprompt-20260702T190946Z/train-fasttext__BSErTMq/agent/trajectory.json
Sending keys: ['\n'] min_timeout_sec: 30.0 max_timeout_sec: 180.0
Trajectory dumped to runs/harbor-v21/athena-slow-hard-failed3-advisorprompt-20260702T190946Z/train-fasttext__BSErTMq/agent/trajectory.json
Sending keys: ['rm -f /app/model.bin && df -h /app\n'] min_timeout_sec: 0.1 max_timeout_sec: 180.0
Sending keys: ["python3 - <<'PY'\nimport pandas as pd\nimport os\n\nos.makedirs('/app/work', exist_ok=True)\n\n# Read training data, shuffle, and split 90/10\ndf = pd.read_parquet('/app/data/train-00000-of-00001.parquet')\ndf = df.sample(frac=1, random_state=42).reset_index(drop=True)\nn_valid = int(len(df) * 0.1)\nvalid_df = df[:n_valid]\ntrain_df = df[n_valid:]\n\nfor name, data in [('train_lower', train_df), ('valid_lower', valid_df)]:\n    out = f'/app/work/{name}.txt'\n    with open(out, 'w', encoding='utf-8') as f:\n        for label, text in zip(data['label'], data['text']):\n            text = str(text).lower().replace('\\n', ' ').replace('\\r', ' ').strip()\n            text = ' '.join(text.split())\n            f.write(f'__label__{label} {text}\\n')\n    print(f'wrote {out}, size={os.path.getsize(out)/1024/1024:.1f}MB, lines={len(data)}')\n\n# Read and process test data\ndf_test = pd.read_parquet('/app/data/test-00000-of-00001.parquet')\nout = '/app/work/test_lower.txt'\nwith open(out, 'w', encoding='utf-8') as f:\n    for label, text in zip(df_test['label'], df_test['text']):\n        text = str(text).lower().replace('\\n', ' ').replace('\\r', ' ').strip()\n        text = ' '.join(text.split())\n        f.write(f'__label__{label} {text}\\n')\nprint(f'wrote {out}, size={os.path.getsize(out)/1024/1024:.1f}MB, lines={len(df_test)}')\nPY\n"] min_timeout_sec: 30.0 max_timeout_sec: 180.0
Trajectory dumped to runs/harbor-v21/athena-slow-hard-failed3-advisorprompt-20260702T190946Z/train-fasttext__BSErTMq/agent/trajectory.json
Sending keys: ['cat /app/work/train_lower.txt /app/work/valid_lower.txt > /app/work/full_train_lower.txt && wc -l /app/work/full_train_lower.txt\n'] min_timeout_sec: 0.1 max_timeout_sec: 180.0
Sending keys: ['python3 - <<\'PY\'\nimport fasttext\nimport os\nimport time\n\nprint(\'Training full model on lowercased data...\')\nstart = time.time()\nmodel = fasttext.train_supervised(\n    input=\'/app/work/full_train_lower.txt\',\n    dim=200,\n    bucket=200000,\n    wordNgrams=2,\n    epoch=10,\n    lr=0.7,\n    minCount=2,\n    thread=4,\n    verbose=2\n)\nprint(f\'Training time: {time.time()-start:.1f}s\')\n\n# Evaluate before quantization\nresult = model.test(\'/app/work/test_lower.txt\')\nprint(f\'Before quantization - Test samples: {result[0]}, accuracy: {result[1]:.4f}\')\n\n# Save unquantized model temporarily\nmodel.save_model(\'/app/work/model_full.bin\')\nprint(f\'Full model size: {os.path.getsize("/app/work/model_full.bin")/1024/1024:.2f} MB\')\n\n# Quantize the model\nprint(\'Quantizing model...\')\nmodel.quantize(\n    input=\'/app/work/full_train_lower.txt\',\n    retrain=True,\n    qnorm=True,\n    cutoff=50000,\n    thread=4,\n    verbose=2\n)\n\n# Save quantized model\nmodel.save_model(\'/app/model.bin\')\nprint(f\'Quantized model saved to /app/model.bin\')\nprint(f\'Quantized model size: {os.path.getsize("/app/model.bin")/1024/1024:.2f} MB\')\n\n# Evaluate after quantization\nresult = model.test(\'/app/work/test_lower.txt\')\nprint(f\'After quantization - Test samples: {result[0]}, accuracy: {result[1]:.4f}\')\nPY\n'] min_timeout_sec: 60.0 max_timeout_sec: 180.0
Trajectory dumped to runs/harbor-v21/athena-slow-hard-failed3-advisorprompt-20260702T190946Z/train-fasttext__BSErTMq/agent/trajectory.json
Sending keys: ['\n'] min_timeout_sec: 30.0 max_timeout_sec: 180.0
Trajectory dumped to runs/harbor-v21/athena-slow-hard-failed3-advisorprompt-20260702T190946Z/train-fasttext__BSErTMq/agent/trajectory.json
Sending keys: ['\n'] min_timeout_sec: 30.0 max_timeout_sec: 180.0
Trajectory dumped to runs/harbor-v21/athena-slow-hard-failed3-advisorprompt-20260702T190946Z/train-fasttext__BSErTMq/agent/trajectory.json
Sending keys: ['\n'] min_timeout_sec: 30.0 max_timeout_sec: 180.0
Trajectory dumped to runs/harbor-v21/athena-slow-hard-failed3-advisorprompt-20260702T190946Z/train-fasttext__BSErTMq/agent/trajectory.json
Sending keys: ['\n'] min_timeout_sec: 30.0 max_timeout_sec: 180.0
Trajectory dumped to runs/harbor-v21/athena-slow-hard-failed3-advisorprompt-20260702T190946Z/train-fasttext__BSErTMq/agent/trajectory.json
Sending keys: ['\n'] min_timeout_sec: 30.0 max_timeout_sec: 180.0
Trajectory dumped to runs/harbor-v21/athena-slow-hard-failed3-advisorprompt-20260702T190946Z/train-fasttext__BSErTMq/agent/trajectory.json
Sending keys: ['\n'] min_timeout_sec: 30.0 max_timeout_sec: 180.0
Trajectory dumped to runs/harbor-v21/athena-slow-hard-failed3-advisorprompt-20260702T190946Z/train-fasttext__BSErTMq/agent/trajectory.json
Sending keys: ['\n'] min_timeout_sec: 30.0 max_timeout_sec: 180.0
Trajectory dumped to runs/harbor-v21/athena-slow-hard-failed3-advisorprompt-20260702T190946Z/train-fasttext__BSErTMq/agent/trajectory.json
Sending keys: ['\n'] min_timeout_sec: 30.0 max_timeout_sec: 180.0
Trajectory dumped to runs/harbor-v21/athena-slow-hard-failed3-advisorprompt-20260702T190946Z/train-fasttext__BSErTMq/agent/trajectory.json
Sending keys: ['\n'] min_timeout_sec: 30.0 max_timeout_sec: 180.0
Trajectory dumped to runs/harbor-v21/athena-slow-hard-failed3-advisorprompt-20260702T190946Z/train-fasttext__BSErTMq/agent/trajectory.json
Sending keys: ['\n'] min_timeout_sec: 30.0 max_timeout_sec: 180.0
Trajectory dumped to runs/harbor-v21/athena-slow-hard-failed3-advisorprompt-20260702T190946Z/train-fasttext__BSErTMq/agent/trajectory.json
Sending keys: ['\n'] min_timeout_sec: 30.0 max_timeout_sec: 180.0
Trajectory dumped to runs/harbor-v21/athena-slow-hard-failed3-advisorprompt-20260702T190946Z/train-fasttext__BSErTMq/agent/trajectory.json
Sending keys: ['\n'] min_timeout_sec: 30.0 max_timeout_sec: 180.0
Trajectory dumped to runs/harbor-v21/athena-slow-hard-failed3-advisorprompt-20260702T190946Z/train-fasttext__BSErTMq/agent/trajectory.json
Sending keys: ['\n'] min_timeout_sec: 30.0 max_timeout_sec: 180.0
Trajectory dumped to runs/harbor-v21/athena-slow-hard-failed3-advisorprompt-20260702T190946Z/train-fasttext__BSErTMq/agent/trajectory.json
Sending keys: ['\n'] min_timeout_sec: 30.0 max_timeout_sec: 180.0
Trajectory dumped to runs/harbor-v21/athena-slow-hard-failed3-advisorprompt-20260702T190946Z/train-fasttext__BSErTMq/agent/trajectory.json
Sending keys: ['\n'] min_timeout_sec: 30.0 max_timeout_sec: 180.0
Trajectory dumped to runs/harbor-v21/athena-slow-hard-failed3-advisorprompt-20260702T190946Z/train-fasttext__BSErTMq/agent/trajectory.json
Sending keys: ['\n'] min_timeout_sec: 30.0 max_timeout_sec: 180.0
Trajectory dumped to runs/harbor-v21/athena-slow-hard-failed3-advisorprompt-20260702T190946Z/train-fasttext__BSErTMq/agent/trajectory.json
Sending keys: ['\n'] min_timeout_sec: 30.0 max_timeout_sec: 180.0
Trajectory dumped to runs/harbor-v21/athena-slow-hard-failed3-advisorprompt-20260702T190946Z/train-fasttext__BSErTMq/agent/trajectory.json
Sending keys: ['\n'] min_timeout_sec: 30.0 max_timeout_sec: 180.0
Trajectory dumped to runs/harbor-v21/athena-slow-hard-failed3-advisorprompt-20260702T190946Z/train-fasttext__BSErTMq/agent/trajectory.json
Sending keys: ['\n'] min_timeout_sec: 30.0 max_timeout_sec: 180.0
Trajectory dumped to runs/harbor-v21/athena-slow-hard-failed3-advisorprompt-20260702T190946Z/train-fasttext__BSErTMq/agent/trajectory.json
Sending keys: ['\n'] min_timeout_sec: 30.0 max_timeout_sec: 180.0
Trajectory dumped to runs/harbor-v21/athena-slow-hard-failed3-advisorprompt-20260702T190946Z/train-fasttext__BSErTMq/agent/trajectory.json
Sending keys: ['\n'] min_timeout_sec: 30.0 max_timeout_sec: 180.0
Trajectory dumped to runs/harbor-v21/athena-slow-hard-failed3-advisorprompt-20260702T190946Z/train-fasttext__BSErTMq/agent/trajectory.json
Sending keys: ['\n'] min_timeout_sec: 30.0 max_timeout_sec: 180.0
Trajectory dumped to runs/harbor-v21/athena-slow-hard-failed3-advisorprompt-20260702T190946Z/train-fasttext__BSErTMq/agent/trajectory.json
Sending keys: ['\n'] min_timeout_sec: 30.0 max_timeout_sec: 180.0
Trajectory dumped to runs/harbor-v21/athena-slow-hard-failed3-advisorprompt-20260702T190946Z/train-fasttext__BSErTMq/agent/trajectory.json
Sending keys: ['\n'] min_timeout_sec: 5.0 max_timeout_sec: 180.0
Trajectory dumped to runs/harbor-v21/athena-slow-hard-failed3-advisorprompt-20260702T190946Z/train-fasttext__BSErTMq/agent/trajectory.json
Sending keys: ['\n'] min_timeout_sec: 10.0 max_timeout_sec: 180.0
Trajectory dumped to runs/harbor-v21/athena-slow-hard-failed3-advisorprompt-20260702T190946Z/train-fasttext__BSErTMq/agent/trajectory.json
Sending keys: ['\n'] min_timeout_sec: 10.0 max_timeout_sec: 180.0
Trajectory dumped to runs/harbor-v21/athena-slow-hard-failed3-advisorprompt-20260702T190946Z/train-fasttext__BSErTMq/agent/trajectory.json
Sending keys: ['\n'] min_timeout_sec: 15.0 max_timeout_sec: 180.0
Trajectory dumped to runs/harbor-v21/athena-slow-hard-failed3-advisorprompt-20260702T190946Z/train-fasttext__BSErTMq/agent/trajectory.json
Sending keys: ['rm -f /app/work/model_full.bin /app/model.bin\n'] min_timeout_sec: 0.1 max_timeout_sec: 180.0
Sending keys: ['python3 - <<\'PY\'\nimport fasttext\nimport os\nimport time\n\nprint(\'Training with paper hyperparameters: dim=10, epoch=5, lr=0.1\')\nstart = time.time()\nmodel = fasttext.train_supervised(\n    input=\'/app/work/full_train_lower.txt\',\n    dim=10,\n    bucket=200000,\n    wordNgrams=2,\n    epoch=5,\n    lr=0.1,\n    minCount=2,\n    thread=4,\n    verbose=2\n)\nprint(f\'Training time: {time.time()-start:.1f}s\')\n\nmodel.save_model(\'/app/work/model_dim10.bin\')\nprint(f\'Model size: {os.path.getsize("/app/work/model_dim10.bin")/1024/1024:.2f} MB\')\n\nresult = model.test(\'/app/work/test_lower.txt\')\nprint(f\'Test samples: {result[0]}, accuracy: {result[1]:.4f}\')\nPY\n'] min_timeout_sec: 60.0 max_timeout_sec: 180.0
Trajectory dumped to runs/harbor-v21/athena-slow-hard-failed3-advisorprompt-20260702T190946Z/train-fasttext__BSErTMq/agent/trajectory.json
Sending keys: ['\n'] min_timeout_sec: 15.0 max_timeout_sec: 180.0
Trajectory dumped to runs/harbor-v21/athena-slow-hard-failed3-advisorprompt-20260702T190946Z/train-fasttext__BSErTMq/agent/trajectory.json
Sending keys: ['\n'] min_timeout_sec: 10.0 max_timeout_sec: 180.0
Trajectory dumped to runs/harbor-v21/athena-slow-hard-failed3-advisorprompt-20260702T190946Z/train-fasttext__BSErTMq/agent/trajectory.json
Sending keys: ['cp /app/work/model_dim10.bin /app/model.bin && ls -lh /app/model.bin\n'] min_timeout_sec: 0.1 max_timeout_sec: 180.0
Sending keys: ['python3 - <<\'PY\'\nimport fasttext, os\nmodel = fasttext.load_model(\'/app/model.bin\')\nresult = model.test(\'/app/work/test_lower.txt\')\nprint(f\'Model size: {os.path.getsize("/app/model.bin")/1024/1024:.2f} MB\')\nprint(f\'Test samples: {result[0]}, accuracy: {result[1]:.4f}\')\nprint(\'Labels:\', model.labels)\nPY\n'] min_timeout_sec: 1.0 max_timeout_sec: 180.0
Trajectory dumped to runs/harbor-v21/athena-slow-hard-failed3-advisorprompt-20260702T190946Z/train-fasttext__BSErTMq/agent/trajectory.json
Sending keys: ['python3 - <<\'PY\'\nimport fasttext\nimport os\nimport time\n\nprint(\'Training on non-lowercased data: dim=10, epoch=5, lr=0.1\')\nstart = time.time()\nmodel = fasttext.train_supervised(\n    input=\'/app/work/train.txt\',\n    dim=10,\n    bucket=200000,\n    wordNgrams=2,\n    epoch=5,\n    lr=0.1,\n    minCount=2,\n    thread=4,\n    verbose=2\n)\nprint(f\'Training time: {time.time()-start:.1f}s\')\n\nmodel.save_model(\'/app/work/model_nolower.bin\')\nprint(f\'Model size: {os.path.getsize("/app/work/model_nolower.bin")/1024/1024:.2f} MB\')\n\nresult = model.test(\'/app/work/test.txt\')\nprint(f\'Non-lowercased test - samples: {result[0]}, accuracy: {result[1]:.4f}\')\n\n# Also test on lowercased test to see robustness\nresult2 = model.test(\'/app/work/test_lower.txt\')\nprint(f\'Lowercased test - samples: {result2[0]}, accuracy: {result2[1]:.4f}\')\nPY\n'] min_timeout_sec: 60.0 max_timeout_sec: 180.0
Trajectory dumped to runs/harbor-v21/athena-slow-hard-failed3-advisorprompt-20260702T190946Z/train-fasttext__BSErTMq/agent/trajectory.json
Sending keys: ['\n'] min_timeout_sec: 15.0 max_timeout_sec: 180.0
Trajectory dumped to runs/harbor-v21/athena-slow-hard-failed3-advisorprompt-20260702T190946Z/train-fasttext__BSErTMq/agent/trajectory.json
Sending keys: ["python3 - <<'PY'\nimport fasttext\nimport os\nimport time\n\nconfigs = [\n    (10, 0.1),\n    (10, 0.2),\n    (10, 0.3),\n    (15, 0.1),\n    (15, 0.2),\n]\n\nbest_acc = 0\nbest_config = None\nbest_model_path = '/app/work/model_best_nolower.bin'\n\nfor epoch, lr in configs:\n    print(f'\\n=== Training epoch={epoch}, lr={lr} ===')\n    start = time.time()\n    model = fasttext.train_supervised(\n        input='/app/work/train.txt',\n        dim=10,\n        bucket=200000,\n        wordNgrams=2,\n        epoch=epoch,\n        lr=lr,\n        minCount=2,\n        thread=4,\n        verbose=0\n    )\n    t = time.time() - start\n    result = model.test('/app/work/test.txt')\n    size = os.path.getsize('/app/work/train.txt')  # dummy, model not saved yet\n    print(f'  time={t:.1f}s, accuracy={result[1]:.4f}')\n    if result[1] > best_acc:\n        best_acc = result[1]\n        best_config = (epoch, lr)\n        model.save_model(best_model_path)\n        print(f'  *** New best! Saved to {best_model_path}')\n\nprint(f'\\nBest config: epoch={best_config[0]}, lr={best_config[1]}, accuracy={best_acc:.4f}')\nprint(f'Best model size: {os.path.getsize(best_model_path)/1024/1024:.2f} MB')\nPY\n"] min_timeout_sec: 60.0 max_timeout_sec: 180.0
Trajectory dumped to runs/harbor-v21/athena-slow-hard-failed3-advisorprompt-20260702T190946Z/train-fasttext__BSErTMq/agent/trajectory.json
Sending keys: ['\n'] min_timeout_sec: 30.0 max_timeout_sec: 180.0
Trajectory dumped to runs/harbor-v21/athena-slow-hard-failed3-advisorprompt-20260702T190946Z/train-fasttext__BSErTMq/agent/trajectory.json
Sending keys: ['\n'] min_timeout_sec: 30.0 max_timeout_sec: 180.0
Trajectory dumped to runs/harbor-v21/athena-slow-hard-failed3-advisorprompt-20260702T190946Z/train-fasttext__BSErTMq/agent/trajectory.json
Sending keys: ['\n'] min_timeout_sec: 60.0 max_timeout_sec: 180.0
Trajectory dumped to runs/harbor-v21/athena-slow-hard-failed3-advisorprompt-20260702T190946Z/train-fasttext__BSErTMq/agent/trajectory.json
Trajectory dumped to runs/harbor-v21/athena-slow-hard-failed3-advisorprompt-20260702T190946Z/train-fasttext__BSErTMq/agent/trajectory.json
Collecting main service artifacts
max_turns (f.k.a. max_episodes) artificially limited to 60. Consider removing this limit for better task completion.
Installing: tmux
Detected system: {'os': 'debian-based', 'package_manager': 'apt-get', 'update_command': None}
Installing tools using apt-get: (DEBIAN_FRONTEND=noninteractive apt-get install -y --no-install-recommends tmux) || (DEBIAN_FRONTEND=noninteractive apt-get update -o Acquire::Retries=2 -o Acquire::http::Timeout=30 -o Acquire::https::Timeout=30 && DEBIAN_FRONTEND=noninteractive apt-get install -y --no-install-recommends tmux)
Sending keys: ['ls -la /app\n'] min_timeout_sec: 0.1 max_timeout_sec: 180.0
Sending keys: ['which ffprobe ffmpeg tesseract python3 convert 2>/dev/null || true\n'] min_timeout_sec: 1.0 max_timeout_sec: 180.0
Sending keys: ['ffprobe -v error -show_entries format=duration:stream=width,height,r_frame_rate -of default=noprint_wrappers=1 /app/video.mp4\n'] min_timeout_sec: 1.0 max_timeout_sec: 180.0
Trajectory dumped to runs/harbor-v21/athena-slow-hard-failed3-advisorprompt-20260702T190946Z/extract-moves-from-video__y5gRQ9M/agent/trajectory.json
Sending keys: ['cat /etc/os-release 2>/dev/null || true\n'] min_timeout_sec: 0.1 max_timeout_sec: 180.0
Sending keys: ['which apt apt-get pip pip3 python python2 cc gcc g++ make nano vi 2>/dev/null || true\n'] min_timeout_sec: 0.1 max_timeout_sec: 180.0
Sending keys: ['python -V 2>&1 || true; python3 -V 2>&1 || true; pip3 -V 2>&1 || true\n'] min_timeout_sec: 0.1 max_timeout_sec: 180.0
Sending keys: ['ls -la /usr/bin | head -80\n'] min_timeout_sec: 0.1 max_timeout_sec: 180.0
Trajectory dumped to runs/harbor-v21/athena-slow-hard-failed3-advisorprompt-20260702T190946Z/extract-moves-from-video__y5gRQ9M/agent/trajectory.json
Sending keys: ['apt-get update\n'] min_timeout_sec: 10.0 max_timeout_sec: 180.0
Sending keys: ['apt-get install -y ffmpeg tesseract-ocr python3 imagemagick\n'] min_timeout_sec: 20.0 max_timeout_sec: 180.0
Trajectory dumped to runs/harbor-v21/athena-slow-hard-failed3-advisorprompt-20260702T190946Z/extract-moves-from-video__y5gRQ9M/agent/trajectory.json
Sending keys: [''] min_timeout_sec: 30.0 max_timeout_sec: 180.0
Trajectory dumped to runs/harbor-v21/athena-slow-hard-failed3-advisorprompt-20260702T190946Z/extract-moves-from-video__y5gRQ9M/agent/trajectory.json
Sending keys: ['apt-get install -y --fix-missing ffmpeg tesseract-ocr python3 imagemagick\n'] min_timeout_sec: 30.0 max_timeout_sec: 180.0
Sending keys: ['which ffmpeg ffprobe tesseract python3 convert 2>/dev/null || true\n'] min_timeout_sec: 0.1 max_timeout_sec: 180.0
Trajectory dumped to runs/harbor-v21/athena-slow-hard-failed3-advisorprompt-20260702T190946Z/extract-moves-from-video__y5gRQ9M/agent/trajectory.json
Sending keys: [''] min_timeout_sec: 30.0 max_timeout_sec: 180.0
Trajectory dumped to runs/harbor-v21/athena-slow-hard-failed3-advisorprompt-20260702T190946Z/extract-moves-from-video__y5gRQ9M/agent/trajectory.json
Sending keys: ['11\n'] min_timeout_sec: 0.5 max_timeout_sec: 180.0
Trajectory dumped to runs/harbor-v21/athena-slow-hard-failed3-advisorprompt-20260702T190946Z/extract-moves-from-video__y5gRQ9M/agent/trajectory.json
Sending keys: ['33\n'] min_timeout_sec: 30.0 max_timeout_sec: 180.0
Trajectory dumped to runs/harbor-v21/athena-slow-hard-failed3-advisorprompt-20260702T190946Z/extract-moves-from-video__y5gRQ9M/agent/trajectory.json
Parser warnings: - Command 1 should end with newline when followed by another command. Otherwise the two commands will be concatenated together on the same line.
Sending keys: [''] min_timeout_sec: 5.0 max_timeout_sec: 180.0
Sending keys: ['which ffmpeg ffprobe tesseract python3 convert 2>/dev/null || true\n'] min_timeout_sec: 0.1 max_timeout_sec: 180.0
Sending keys: ['ffprobe -v error -show_entries format=duration:stream=width,height,r_frame_rate -of default=noprint_wrappers=1 /app/video.mp4\n'] min_timeout_sec: 1.0 max_timeout_sec: 180.0
Trajectory dumped to runs/harbor-v21/athena-slow-hard-failed3-advisorprompt-20260702T190946Z/extract-moves-from-video__y5gRQ9M/agent/trajectory.json
Sending keys: ['mkdir -p /app/frames && for t in 1 10 30 60 90 120 150 180; do ffmpeg -y -ss $t -i /app/video.mp4 -frames:v 1 /app/frames/sample_${t}.png; done\n'] min_timeout_sec: 2.0 max_timeout_sec: 180.0
Sending keys: ['ls -la /app/frames\n'] min_timeout_sec: 0.1 max_timeout_sec: 180.0
Sending keys: ['for f in /app/frames/sample_*.png; do echo "=== $f ==="; identify "$f"; done\n'] min_timeout_sec: 0.5 max_timeout_sec: 180.0
Sending keys: ['tesseract /app/frames/sample_1.png stdout 2>/dev/null | head -40\n'] min_timeout_sec: 1.0 max_timeout_sec: 180.0
Trajectory dumped to runs/harbor-v21/athena-slow-hard-failed3-advisorprompt-20260702T190946Z/extract-moves-from-video__y5gRQ9M/agent/trajectory.json
Sending keys: ['for f in /app/frames/sample_*.png; do echo "=== $f ==="; tesseract "$f" stdout 2>/dev/null | head -20; done\n'] min_timeout_sec: 2.0 max_timeout_sec: 180.0
Sending keys: ['for f in /app/frames/sample_*.png; do echo -n "$f: "; identify -format "%[mean] %[standard-deviation]\\n" "$f"; done\n'] min_timeout_sec: 1.0 max_timeout_sec: 180.0
Sending keys: ['convert /app/frames/sample_60.png -resize 200% -colorspace Gray -negate -threshold 50% /app/frames/sample_60_ocr.png && tesseract /app/frames/sample_60_ocr.png stdout 2>/dev/null | head -40\n'] min_timeout_sec: 1.0 max_timeout_sec: 180.0
Trajectory dumped to runs/harbor-v21/athena-slow-hard-failed3-advisorprompt-20260702T190946Z/extract-moves-from-video__y5gRQ9M/agent/trajectory.json
Sending keys: ['ls /app/frames 2>/dev/null | wc -l; ls /app/ocr 2>/dev/null | wc -l\n'] min_timeout_sec: 0.1 max_timeout_sec: 180.0
Sending keys: ['rm -rf /app/frames /app/ocr && mkdir -p /app/frames /app/ocr && ffmpeg -y -i /app/video.mp4 -vf fps=1 /app/frames/frame_%04d.png\n'] min_timeout_sec: 5.0 max_timeout_sec: 180.0
Sending keys: ['ls /app/frames | wc -l\n'] min_timeout_sec: 0.1 max_timeout_sec: 180.0
Sending keys: ['for f in /app/frames/frame_*.png; do b=$(basename "$f" .png); tesseract "$f" /app/ocr/$b 2>/dev/null; done\n'] min_timeout_sec: 15.0 max_timeout_sec: 180.0
Sending keys: ['ls /app/ocr | wc -l && wc -l /app/ocr/frame_0001.txt /app/ocr/frame_0120.txt\n'] min_timeout_sec: 0.1 max_timeout_sec: 180.0
Trajectory dumped to runs/harbor-v21/athena-slow-hard-failed3-advisorprompt-20260702T190946Z/extract-moves-from-video__y5gRQ9M/agent/trajectory.json
Sending keys: ['\n'] min_timeout_sec: 10.0 max_timeout_sec: 180.0
Sending keys: ['ls /app/frames | wc -l\n'] min_timeout_sec: 0.1 max_timeout_sec: 180.0
Trajectory dumped to runs/harbor-v21/athena-slow-hard-failed3-advisorprompt-20260702T190946Z/extract-moves-from-video__y5gRQ9M/agent/trajectory.json
Sending keys: ['mkdir -p /app/ocr && for f in /app/frames/frame_*.png; do b=$(basename "$f" .png); tesseract "$f" /app/ocr/$b 2>/dev/null; done\n'] min_timeout_sec: 20.0 max_timeout_sec: 180.0
Sending keys: ['ls /app/ocr | wc -l && wc -l /app/ocr/frame_0001.txt /app/ocr/frame_0120.txt\n'] min_timeout_sec: 0.1 max_timeout_sec: 180.0
Sending keys: ['cat /app/ocr/frame_0001.txt\n'] min_timeout_sec: 0.1 max_timeout_sec: 180.0
Trajectory dumped to runs/harbor-v21/athena-slow-hard-failed3-advisorprompt-20260702T190946Z/extract-moves-from-video__y5gRQ9M/agent/trajectory.json
Sending keys: ['\n'] min_timeout_sec: 30.0 max_timeout_sec: 180.0
Trajectory dumped to runs/harbor-v21/athena-slow-hard-failed3-advisorprompt-20260702T190946Z/extract-moves-from-video__y5gRQ9M/agent/trajectory.json
Sending keys: ['\n'] min_timeout_sec: 30.0 max_timeout_sec: 180.0
Trajectory dumped to runs/harbor-v21/athena-slow-hard-failed3-advisorprompt-20260702T190946Z/extract-moves-from-video__y5gRQ9M/agent/trajectory.json
Sending keys: ['\n'] min_timeout_sec: 30.0 max_timeout_sec: 180.0
Trajectory dumped to runs/harbor-v21/athena-slow-hard-failed3-advisorprompt-20260702T190946Z/extract-moves-from-video__y5gRQ9M/agent/trajectory.json
Sending keys: ['\n'] min_timeout_sec: 30.0 max_timeout_sec: 180.0
Trajectory dumped to runs/harbor-v21/athena-slow-hard-failed3-advisorprompt-20260702T190946Z/extract-moves-from-video__y5gRQ9M/agent/trajectory.json
Sending keys: ['\n'] min_timeout_sec: 30.0 max_timeout_sec: 180.0
Trajectory dumped to runs/harbor-v21/athena-slow-hard-failed3-advisorprompt-20260702T190946Z/extract-moves-from-video__y5gRQ9M/agent/trajectory.json
Parser warnings: - Command 1 should end with newline when followed by another command. Otherwise the two commands will be concatenated together on the same line.
Sending keys: ['C-c'] min_timeout_sec: 0.5 max_timeout_sec: 180.0
Sending keys: ['ls /app/ocr | wc -l; ls /app/ocr | tail -5\n'] min_timeout_sec: 0.1 max_timeout_sec: 180.0
Sending keys: ['cat /app/ocr/frame_0001.txt 2>/dev/null | head -20\n'] min_timeout_sec: 0.1 max_timeout_sec: 180.0
Trajectory dumped to runs/harbor-v21/athena-slow-hard-failed3-advisorprompt-20260702T190946Z/extract-moves-from-video__y5gRQ9M/agent/trajectory.json
Sending keys: ['for i in $(seq 163 190); do f=$(printf /app/frames/frame_%04d.png $i); b=$(basename "$f" .png); tesseract "$f" /app/ocr/$b 2>/dev/null; done\n'] min_timeout_sec: 30.0 max_timeout_sec: 180.0
Sending keys: ['ls /app/ocr | wc -l\n'] min_timeout_sec: 0.1 max_timeout_sec: 180.0
Trajectory dumped to runs/harbor-v21/athena-slow-hard-failed3-advisorprompt-20260702T190946Z/extract-moves-from-video__y5gRQ9M/agent/trajectory.json
Sending keys: ['\n'] min_timeout_sec: 30.0 max_timeout_sec: 180.0
Trajectory dumped to runs/harbor-v21/athena-slow-hard-failed3-advisorprompt-20260702T190946Z/extract-moves-from-video__y5gRQ9M/agent/trajectory.json
Sending keys: ['cat > /app/extract_moves.py << \'PYEOF\'\nimport os, re, glob\nfrom difflib import unified_diff\n\nocr_files = sorted(glob.glob(\'/app/ocr/frame_*.txt\'))\nprev_lines = []\nmoves = []\nseen = set()\n\nfor fpath in ocr_files:\n    with open(fpath, \'r\', errors=\'replace\') as f:\n        lines = [l.rstrip(\'\\n\') for l in f.readlines()]\n    # Find lines that are new compared to previous frame\n    prev_set = set(prev_lines)\n    new_lines = [l for l in lines if l not in prev_set]\n    for l in new_lines:\n        l_stripped = l.strip()\n        # Player input often appears after \'>\' prompt\n        # It could be on a line starting with \'>\' or on a line by itself after a \'>\' line\n        if l_stripped.startswith(\'>\'):\n            cmd = l_stripped[1:].strip()\n            if cmd:\n                moves.append((os.path.basename(fpath), cmd))\n        # Also check for lines that look like commands (short, lowercase, no period at end typically)\n    prev_lines = lines\n\n# Also look for lines that appear right after a \'>\' line\nfor idx, fpath in enumerate(ocr_files):\n    with open(fpath, \'r\', errors=\'replace\') as f:\n        lines = [l.rstrip(\'\\n\') for l in f.readlines()]\n    for i, l in enumerate(lines):\n        l_stripped = l.strip()\n        if l_stripped == \'>\' and i+1 < len(lines):\n            next_line = lines[i+1].strip()\n            if next_line and not next_line.startswith(\'>\') and len(next_line) < 50:\n                # Check if this looks like a command (not game text)\n                if re.match(r\'^[a-z]\', next_line) and not next_line.endswith(\'.\') and not next_line.endswith(\',\') and not \'you\' in next_line.lower()[:10]:\n                    pass  # We\'ll handle this differently\n\nprint("=== Moves found from \'>\' lines ===")\nfor fname, cmd in moves:\n    print(f"{fname}: {cmd}")\n\nprint(f"\\nTotal moves from \'>\' lines: {len(moves)}")\nPYEOF\npython3 /app/extract_moves.py\n'] min_timeout_sec: 1.0 max_timeout_sec: 180.0
Sending keys: ['for i in 1 2 3 5 10 15 20 25 30 35 40 50 60 70 80 90 100 110 120 130 140 150 160 170 180 190; do f=$(printf /app/ocr/frame_%04d.txt $i); echo "=== frame $i ==="; cat "$f" 2>/dev/null | tail -10; echo; done\n'] min_timeout_sec: 0.5 max_timeout_sec: 180.0
Trajectory dumped to runs/harbor-v21/athena-slow-hard-failed3-advisorprompt-20260702T190946Z/extract-moves-from-video__y5gRQ9M/agent/trajectory.json
Sending keys: ['python3 /app/extract_moves.py 2>&1 | head -100\n'] min_timeout_sec: 1.0 max_timeout_sec: 180.0
Sending keys: ['for i in $(seq 1 190); do f=$(printf /app/ocr/frame_%04d.txt $i); grep -n \'>\' "$f" 2>/dev/null | grep -v \'Copyright\\|trademark\\|DURATION\\|Dungeon\' | head -3; done | head -120\n'] min_timeout_sec: 1.0 max_timeout_sec: 180.0
Trajectory dumped to runs/harbor-v21/athena-slow-hard-failed3-advisorprompt-20260702T190946Z/extract-moves-from-video__y5gRQ9M/agent/trajectory.json
Sending keys: ['cat > /app/extract_moves2.py << \'PYEOF\'\nimport os, re, glob\nfrom difflib import ndiff\n\nocr_files = sorted(glob.glob(\'/app/ocr/frame_*.txt\'))\nall_text = {}\nfor fpath in ocr_files:\n    with open(fpath, \'r\', errors=\'replace\') as f:\n        all_text[fpath] = f.read()\n\nmoves = []\nprev = \'\'\nfor i, fpath in enumerate(ocr_files):\n    curr = all_text[fpath]\n    if i == 0:\n        prev = curr\n        continue\n    # Find new lines in current compared to previous\n    prev_lines = [l.rstrip() for l in prev.splitlines()]\n    curr_lines = [l.rstrip() for l in curr.splitlines()]\n    \n    # Simple approach: find lines in curr that weren\'t in prev\n    prev_set = set(prev_lines)\n    new_lines = [l for l in curr_lines if l not in prev_set]\n    \n    for l in new_lines:\n        ls = l.strip()\n        # Command on same line as prompt: >cmd\n        if ls.startswith(\'>\'):\n            cmd = ls[1:].strip()\n            if cmd and len(cmd) < 60:\n                moves.append((i+1, cmd))\n        # Command on its own line after > prompt (already captured above in some frames)\n    prev = curr\n\n# Deduplicate consecutive identical moves but keep order\n# Print all with frame numbers\nprint("=== Raw moves (frame, command) ===")\nfor frame, cmd in moves:\n    print(f"{frame}: {cmd}")\nprint(f"\\nTotal raw: {len(moves)}")\n\n# Also try to find moves by looking at every frame\'s \'>\' lines\nprint("\\n=== All \'>\' lines per frame ===")\nfor i, fpath in enumerate(ocr_files):\n    lines = all_text[fpath].splitlines()\n    for l in lines:\n        ls = l.strip()\n        if ls.startswith(\'>\') and len(ls) > 1:\n            cmd = ls[1:].strip()\n            if cmd and len(cmd) < 60 and not any(kw in cmd.lower() for kw in [\'copyright\', \'trademark\']):\n                print(f"{i+1}: {cmd}")\n                break  # only first per frame\nPYEOF\npython3 /app/extract_moves2.py\n'] min_timeout_sec: 1.0 max_timeout_sec: 180.0
Trajectory dumped to runs/harbor-v21/athena-slow-hard-failed3-advisorprompt-20260702T190946Z/extract-moves-from-video__y5gRQ9M/agent/trajectory.json
Sending keys: ['python3 /app/extract_moves2.py > /app/moves_raw.txt 2>&1; wc -l /app/moves_raw.txt; head -120 /app/moves_raw.txt\n'] min_timeout_sec: 1.0 max_timeout_sec: 180.0
Sending keys: ['cat > /app/extract_moves3.py << \'PYEOF\'\nimport os, re, glob\n\nocr_files = sorted(glob.glob(\'/app/ocr/frame_*.txt\'))\nprint("=== Last > prompt line per frame ===")\nfor i, fpath in enumerate(ocr_files):\n    with open(fpath, \'r\', errors=\'replace\') as f:\n        lines = f.readlines()\n    # Find all lines starting with \'>\'\n    gt_lines = [l.strip() for l in lines if l.strip().startswith(\'>\')]\n    if gt_lines:\n        last = gt_lines[-1]\n        cmd = last[1:].strip()\n        if cmd and len(cmd) < 80:\n            print(f"{i+1}: {cmd}")\nPYEOF\npython3 /app/extract_moves3.py > /app/moves_gt.txt 2>&1; cat /app/moves_gt.txt\n'] min_timeout_sec: 1.0 max_timeout_sec: 180.0
Trajectory dumped to runs/harbor-v21/athena-slow-hard-failed3-advisorprompt-20260702T190946Z/extract-moves-from-video__y5gRQ9M/agent/trajectory.json
Sending keys: ['cat /app/moves_raw.txt\n'] min_timeout_sec: 0.1 max_timeout_sec: 180.0
Sending keys: ['cat /app/moves_gt.txt\n'] min_timeout_sec: 0.1 max_timeout_sec: 180.0
Sending keys: ['rm -rf /app/keyframes && mkdir -p /app/keyframes && ffmpeg -y -i /app/video.mp4 -vf "select=gt(scene\\,0.005),showinfo" -vsync vfr /app/keyframes/key_%04d.png 2>&1 | grep showinfo | wc -l\n'] min_timeout_sec: 5.0 max_timeout_sec: 180.0
Sending keys: ['ls /app/keyframes | wc -l\n'] min_timeout_sec: 0.1 max_timeout_sec: 180.0
Trajectory dumped to runs/harbor-v21/athena-slow-hard-failed3-advisorprompt-20260702T190946Z/extract-moves-from-video__y5gRQ9M/agent/trajectory.json
Sending keys: ['\n'] min_timeout_sec: 10.0 max_timeout_sec: 180.0
Sending keys: ['ls /app/keyframes | wc -l\n'] min_timeout_sec: 0.1 max_timeout_sec: 180.0
Trajectory dumped to runs/harbor-v21/athena-slow-hard-failed3-advisorprompt-20260702T190946Z/extract-moves-from-video__y5gRQ9M/agent/trajectory.json
Sending keys: ['\n'] min_timeout_sec: 10.0 max_timeout_sec: 180.0
Sending keys: ['ls /app/keyframes | wc -l\n'] min_timeout_sec: 0.1 max_timeout_sec: 180.0
Trajectory dumped to runs/harbor-v21/athena-slow-hard-failed3-advisorprompt-20260702T190946Z/extract-moves-from-video__y5gRQ9M/agent/trajectory.json
Sending keys: ['head -200 /app/moves_raw.txt\n'] min_timeout_sec: 0.1 max_timeout_sec: 180.0
Sending keys: ['cat > /app/show_keyframe_times.py << \'PYEOF\'\nimport subprocess, re\n# Re-run ffmpeg showinfo and parse timestamps\nresult = subprocess.run([\'ffmpeg\', \'-y\', \'-i\', \'/app/video.mp4\', \'-vf\', \'select=gt(scene\\,0.005),showinfo\', \'-vsync\', \'vfr\', \'-f\', \'null\', \'-\'],\n                       capture_output=True, text=True)\nstderr = result.stderr\ntimes = []\nfor m in re.finditer(r\'showinfo.*pts_time:([\\d.]+)\', stderr):\n    times.append(float(m.group(1)))\nprint(f"Total keyframes: {len(times)}")\nfor i, t in enumerate(times[:50]):\n    print(f"{i+1}: {t:.3f}s")\nprint("...")\nfor i, t in enumerate(times[-20:], len(times)-19):\n    print(f"{i}: {t:.3f}s")\nPYEOF\npython3 /app/show_keyframe_times.py\n'] min_timeout_sec: 1.0 max_timeout_sec: 180.0
Trajectory dumped to runs/harbor-v21/athena-slow-hard-failed3-advisorprompt-20260702T190946Z/extract-moves-from-video__y5gRQ9M/agent/trajectory.json
Sending keys: ['\n'] min_timeout_sec: 10.0 max_timeout_sec: 180.0
Trajectory dumped to runs/harbor-v21/athena-slow-hard-failed3-advisorprompt-20260702T190946Z/extract-moves-from-video__y5gRQ9M/agent/trajectory.json
Sending keys: ['cat /app/moves_raw.txt\n'] min_timeout_sec: 0.1 max_timeout_sec: 180.0
Sending keys: ['for f in /app/keyframes/key_0001.png /app/keyframes/key_0010.png /app/keyframes/key_0050.png /app/keyframes/key_0100.png /app/keyframes/key_0200.png /app/keyframes/key_0400.png /app/keyframes/key_0600.png /app/keyframes/key_0800.png; do echo "=== $f ==="; tesseract "$f" stdout 2>/dev/null | tail -8; echo; done\n'] min_timeout_sec: 2.0 max_timeout_sec: 180.0
Trajectory dumped to runs/harbor-v21/athena-slow-hard-failed3-advisorprompt-20260702T190946Z/extract-moves-from-video__y5gRQ9M/agent/trajectory.json
Sending keys: ['\n'] min_timeout_sec: 10.0 max_timeout_sec: 180.0
Trajectory dumped to runs/harbor-v21/athena-slow-hard-failed3-advisorprompt-20260702T190946Z/extract-moves-from-video__y5gRQ9M/agent/trajectory.json
Sending keys: ['cat > /app/select_keyframes.py << \'PYEOF\'\nimport subprocess, re, os, shutil\n\nresult = subprocess.run([\'ffmpeg\', \'-y\', \'-i\', \'/app/video.mp4\', \'-vf\', r\'select=gt(scene\\,0.005),showinfo\', \'-vsync\', \'vfr\', \'-f\', \'null\', \'-\'],\n                       capture_output=True, text=True)\nstderr = result.stderr\ntimes = []\nfor m in re.finditer(r\'showinfo.*pts_time:([\\d.]+)\', stderr):\n    times.append(float(m.group(1)))\n\n# Cluster: keep one frame per 0.4s window\nselected = []\nlast_t = -10\nfor i, t in enumerate(times):\n    if t - last_t >= 0.4:\n        selected.append((i+1, t))  # keyframe number is 1-indexed\n        last_t = t\n\nprint(f"Total keyframes: {len(times)}")\nprint(f"Selected keyframes: {len(selected)}")\n\nos.makedirs(\'/app/selected_keyframes\', exist_ok=True)\nfor idx, t in selected:\n    src = f\'/app/keyframes/key_{idx:04d}.png\'\n    dst = f\'/app/selected_keyframes/kf_{idx:04d}_{t:.3f}.png\'\n    if os.path.exists(src):\n        shutil.copy(src, dst)\n\nprint("Done selecting keyframes")\nPYEOF\npython3 /app/select_keyframes.py\n'] min_timeout_sec: 1.0 max_timeout_sec: 180.0
Sending keys: ['ls /app/selected_keyframes | wc -l\n'] min_timeout_sec: 0.1 max_timeout_sec: 180.0
Trajectory dumped to runs/harbor-v21/athena-slow-hard-failed3-advisorprompt-20260702T190946Z/extract-moves-from-video__y5gRQ9M/agent/trajectory.json
Sending keys: ['\n'] min_timeout_sec: 10.0 max_timeout_sec: 180.0
Sending keys: ['ls /app/selected_keyframes | wc -l\n'] min_timeout_sec: 0.1 max_timeout_sec: 180.0
Trajectory dumped to runs/harbor-v21/athena-slow-hard-failed3-advisorprompt-20260702T190946Z/extract-moves-from-video__y5gRQ9M/agent/trajectory.json
Sending keys: ['mkdir -p /app/ocr_kf && for f in /app/selected_keyframes/*.png; do b=$(basename "$f" .png); tesseract "$f" /app/ocr_kf/$b 2>/dev/null; done\n'] min_timeout_sec: 30.0 max_timeout_sec: 180.0
Sending keys: ['ls /app/ocr_kf | wc -l\n'] min_timeout_sec: 0.1 max_timeout_sec: 180.0
Trajectory dumped to runs/harbor-v21/athena-slow-hard-failed3-advisorprompt-20260702T190946Z/extract-moves-from-video__y5gRQ9M/agent/trajectory.json
Sending keys: ['\n'] min_timeout_sec: 30.0 max_timeout_sec: 180.0
Trajectory dumped to runs/harbor-v21/athena-slow-hard-failed3-advisorprompt-20260702T190946Z/extract-moves-from-video__y5gRQ9M/agent/trajectory.json
Sending keys: ['\n'] min_timeout_sec: 30.0 max_timeout_sec: 180.0
Trajectory dumped to runs/harbor-v21/athena-slow-hard-failed3-advisorprompt-20260702T190946Z/extract-moves-from-video__y5gRQ9M/agent/trajectory.json
Sending keys: ['\n'] min_timeout_sec: 30.0 max_timeout_sec: 180.0
Trajectory dumped to runs/harbor-v21/athena-slow-hard-failed3-advisorprompt-20260702T190946Z/extract-moves-from-video__y5gRQ9M/agent/trajectory.json
Sending keys: ['\n'] min_timeout_sec: 30.0 max_timeout_sec: 180.0
Trajectory dumped to runs/harbor-v21/athena-slow-hard-failed3-advisorprompt-20260702T190946Z/extract-moves-from-video__y5gRQ9M/agent/trajectory.json
Sending keys: ['\n'] min_timeout_sec: 30.0 max_timeout_sec: 180.0
Trajectory dumped to runs/harbor-v21/athena-slow-hard-failed3-advisorprompt-20260702T190946Z/extract-moves-from-video__y5gRQ9M/agent/trajectory.json
Sending keys: ['\n'] min_timeout_sec: 30.0 max_timeout_sec: 180.0
Trajectory dumped to runs/harbor-v21/athena-slow-hard-failed3-advisorprompt-20260702T190946Z/extract-moves-from-video__y5gRQ9M/agent/trajectory.json
Sending keys: ['\n'] min_timeout_sec: 30.0 max_timeout_sec: 180.0
Trajectory dumped to runs/harbor-v21/athena-slow-hard-failed3-advisorprompt-20260702T190946Z/extract-moves-from-video__y5gRQ9M/agent/trajectory.json
Sending keys: ['cat > /app/extract_final.py << \'PYEOF\'\nimport os, re, glob\n\n# Get all OCR files sorted by timestamp embedded in filename\nocr_files = sorted(glob.glob(\'/app/ocr_kf/*.txt\'), key=lambda x: float(re.search(r\'(\\d+\\.\\d+)\\.txt\', x).group(1)))\n\ndef read_lines(fpath):\n    with open(fpath, \'r\', errors=\'replace\') as f:\n        return [l.rstrip(\'\\n\') for l in f.readlines()]\n\n# Print all \'>\' lines from all frames\nprint("=== All \'>\' lines per keyframe ===")\nfor fpath in ocr_files:\n    fname = os.path.basename(fpath)\n    lines = read_lines(fpath)\n    gt_lines = [l.strip() for l in lines if l.strip().startswith(\'>\')]\n    for l in gt_lines:\n        cmd = l[1:].strip()\n        if cmd and len(cmd) < 80:\n            print(f"{fname}: >{cmd}")\n\nprint()\n\n# Diff approach: find new lines in each frame vs previous\nprint("=== New command lines per keyframe diff ===")\nprev_lines = []\nprev_set = set()\nfor fpath in ocr_files:\n    fname = os.path.basename(fpath)\n    lines = read_lines(fpath)\n    curr_set = set(lines)\n    new_lines = [l for l in lines if l not in prev_set]\n    for l in new_lines:\n        ls = l.strip()\n        if ls.startswith(\'>\'):\n            cmd = ls[1:].strip()\n            if cmd and len(cmd) < 80:\n                print(f"{fname}: >{cmd}")\n    prev_lines = lines\n    prev_set = curr_set\nPYEOF\npython3 /app/extract_final.py > /app/moves_final.txt 2>&1; cat /app/moves_final.txt\n'] min_timeout_sec: 1.0 max_timeout_sec: 180.0
Trajectory dumped to runs/harbor-v21/athena-slow-hard-failed3-advisorprompt-20260702T190946Z/extract-moves-from-video__y5gRQ9M/agent/trajectory.json
Sending keys: ['head -300 /app/moves_final.txt\n'] min_timeout_sec: 0.1 max_timeout_sec: 180.0
Sending keys: ['wc -l /app/moves_final.txt\n'] min_timeout_sec: 0.1 max_timeout_sec: 180.0
Trajectory dumped to runs/harbor-v21/athena-slow-hard-failed3-advisorprompt-20260702T190946Z/extract-moves-from-video__y5gRQ9M/agent/trajectory.json
Sending keys: ['for f in $(ls /app/ocr_kf/*.txt | sort -t_ -k3 -n | head -20); do echo "=== $(basename $f) ==="; cat "$f"; echo "---"; done\n'] min_timeout_sec: 0.5 max_timeout_sec: 180.0
Sending keys: ['cat > /app/extract_smart.py << \'PYEOF\'\nimport os, re, glob\n\nocr_files = sorted(glob.glob(\'/app/ocr_kf/*.txt\'), key=lambda x: float(re.search(r\'(\\d+\\.\\d+)\\.txt\', x).group(1)))\n\ndef read_text(fpath):\n    with open(fpath, \'r\', errors=\'replace\') as f:\n        return f.read()\n\ndef get_gt_commands(text):\n    lines = text.splitlines()\n    cmds = []\n    for l in lines:\n        ls = l.strip()\n        if ls.startswith(\'>\'):\n            cmd = ls[1:].strip()\n            if cmd and len(cmd) < 80:\n                cmds.append(cmd)\n    return cmds\n\n# For each keyframe, get the last \'>\' command\ncmds_per_frame = []\nfor fpath in ocr_files:\n    fname = os.path.basename(fpath)\n    text = read_text(fpath)\n    cmds = get_gt_commands(text)\n    last_cmd = cmds[-1] if cmds else \'\'\n    cmds_per_frame.append((fname, last_cmd, text))\n\n# Now group: when the last command changes or the game responds (text changes significantly),\n# we have a new move. Keep the longest version of each command before it changes.\nmoves = []\ncurrent_cmd = \'\'\ncurrent_cmd_max = \'\'\n\nfor i, (fname, cmd, text) in enumerate(cmds_per_frame):\n    if cmd != current_cmd:\n        # Command changed - save the previous command\'s longest version\n        if current_cmd_max and current_cmd_max != \'\':\n            moves.append(current_cmd_max)\n        current_cmd = cmd\n        current_cmd_max = cmd\n    else:\n        if len(cmd) > len(current_cmd_max):\n            current_cmd_max = cmd\n\n# Don\'t forget the last one\nif current_cmd_max:\n    moves.append(current_cmd_max)\n\nprint(f"Total moves extracted: {len(moves)}")\nfor i, m in enumerate(moves, 1):\n    print(f"{i}: {m}")\nPYEOF\npython3 /app/extract_smart.py\n'] min_timeout_sec: 1.0 max_timeout_sec: 180.0
Trajectory dumped to runs/harbor-v21/athena-slow-hard-failed3-advisorprompt-20260702T190946Z/extract-moves-from-video__y5gRQ9M/agent/trajectory.json
Sending keys: ['python3 /app/extract_smart.py > /app/moves_smart.txt 2>&1; cat /app/moves_smart.txt\n'] min_timeout_sec: 1.0 max_timeout_sec: 180.0
Sending keys: ['cat > /app/extract_movecount.py << \'PYEOF\'\nimport os, re, glob\n\nocr_files = sorted(glob.glob(\'/app/ocr_kf/*.txt\'), key=lambda x: float(re.search(r\'(\\d+\\.\\d+)\\.txt\', x).group(1)))\n\nfor fpath in ocr_files:\n    fname = os.path.basename(fpath)\n    with open(fpath, \'r\', errors=\'replace\') as f:\n        text = f.read()\n    # Look for Moves: N in the text\n    m = re.search(r\'Moves:\\s*(\\d+)\', text)\n    moves = m.group(1) if m else \'?\'\n    # Get last > command\n    cmds = [l.strip()[1:].strip() for l in text.splitlines() if l.strip().startswith(\'>\') and len(l.strip()) > 1]\n    last_cmd = cmds[-1] if cmds else \'\'\n    print(f"{fname}\\tMoves: {moves}\\tCmd: {last_cmd}")\nPYEOF\npython3 /app/extract_movecount.py\n'] min_timeout_sec: 1.0 max_timeout_sec: 180.0
Trajectory dumped to runs/harbor-v21/athena-slow-hard-failed3-advisorprompt-20260702T190946Z/extract-moves-from-video__y5gRQ9M/agent/trajectory.json
Sending keys: ['cat /app/moves_smart.txt\n'] min_timeout_sec: 0.1 max_timeout_sec: 180.0
Sending keys: ['python3 /app/extract_movecount.py > /app/movecount.txt 2>&1; cat /app/movecount.txt\n'] min_timeout_sec: 1.0 max_timeout_sec: 180.0
Trajectory dumped to runs/harbor-v21/athena-slow-hard-failed3-advisorprompt-20260702T190946Z/extract-moves-from-video__y5gRQ9M/agent/trajectory.json
Sending keys: ['head -200 /app/moves_smart.txt\n'] min_timeout_sec: 0.1 max_timeout_sec: 180.0
Sending keys: ['head -120 /app/movecount.txt\n'] min_timeout_sec: 0.1 max_timeout_sec: 180.0
Sending keys: ['rm -rf /app/bottom_frames /app/ocr_bottom && mkdir -p /app/bottom_frames /app/ocr_bottom && ffmpeg -y -i /app/video.mp4 -vf "fps=5,crop=1280:200:0:520" /app/bottom_frames/bf_%04d.png\n'] min_timeout_sec: 5.0 max_timeout_sec: 180.0
Sending keys: ['ls /app/bottom_frames | wc -l\n'] min_timeout_sec: 0.1 max_timeout_sec: 180.0
Trajectory dumped to runs/harbor-v21/athena-slow-hard-failed3-advisorprompt-20260702T190946Z/extract-moves-from-video__y5gRQ9M/agent/trajectory.json
Sending keys: ['\n'] min_timeout_sec: 15.0 max_timeout_sec: 180.0
Sending keys: ['ls /app/bottom_frames | wc -l\n'] min_timeout_sec: 0.1 max_timeout_sec: 180.0
Sending keys: ['tesseract /app/bottom_frames/bf_0001.png stdout 2>/dev/null; echo "---"; tesseract /app/bottom_frames/bf_0100.png stdout 2>/dev/null; echo "---"; tesseract /app/bottom_frames/bf_0500.png stdout 2>/dev/null\n'] min_timeout_sec: 1.0 max_timeout_sec: 180.0
Trajectory dumped to runs/harbor-v21/athena-slow-hard-failed3-advisorprompt-20260702T190946Z/extract-moves-from-video__y5gRQ9M/agent/trajectory.json
Sending keys: ['cat /app/moves_smart.txt\n'] min_timeout_sec: 0.1 max_timeout_sec: 180.0
Sending keys: ['cat /app/movecount.txt\n'] min_timeout_sec: 0.1 max_timeout_sec: 180.0
Sending keys: ['for f in /app/bottom_frames/bf_*.png; do b=$(basename "$f" .png); tesseract "$f" /app/ocr_bottom/$b 2>/dev/null; done\n'] min_timeout_sec: 40.0 max_timeout_sec: 180.0
Trajectory dumped to runs/harbor-v21/athena-slow-hard-failed3-advisorprompt-20260702T190946Z/extract-moves-from-video__y5gRQ9M/agent/trajectory.json
Sending keys: ['\n'] min_timeout_sec: 40.0 max_timeout_sec: 180.0
Trajectory dumped to runs/harbor-v21/athena-slow-hard-failed3-advisorprompt-20260702T190946Z/extract-moves-from-video__y5gRQ9M/agent/trajectory.json
Sending keys: ['\n'] min_timeout_sec: 40.0 max_timeout_sec: 180.0
Trajectory dumped to runs/harbor-v21/athena-slow-hard-failed3-advisorprompt-20260702T190946Z/extract-moves-from-video__y5gRQ9M/agent/trajectory.json
Sending keys: ['\n'] min_timeout_sec: 40.0 max_timeout_sec: 180.0
Trajectory dumped to runs/harbor-v21/athena-slow-hard-failed3-advisorprompt-20260702T190946Z/extract-moves-from-video__y5gRQ9M/agent/trajectory.json
Sending keys: ['\n'] min_timeout_sec: 40.0 max_timeout_sec: 180.0
Trajectory dumped to runs/harbor-v21/athena-slow-hard-failed3-advisorprompt-20260702T190946Z/extract-moves-from-video__y5gRQ9M/agent/trajectory.json
Sending keys: ['\n'] min_timeout_sec: 40.0 max_timeout_sec: 180.0
Trajectory dumped to runs/harbor-v21/athena-slow-hard-failed3-advisorprompt-20260702T190946Z/extract-moves-from-video__y5gRQ9M/agent/trajectory.json
Sending keys: ['\n'] min_timeout_sec: 40.0 max_timeout_sec: 180.0
Trajectory dumped to runs/harbor-v21/athena-slow-hard-failed3-advisorprompt-20260702T190946Z/extract-moves-from-video__y5gRQ9M/agent/trajectory.json
Sending keys: ['C-c\n'] min_timeout_sec: 0.5 max_timeout_sec: 180.0
Sending keys: ['ls /app/ocr_bottom | wc -l\n'] min_timeout_sec: 0.1 max_timeout_sec: 180.0
Trajectory dumped to runs/harbor-v21/athena-slow-hard-failed3-advisorprompt-20260702T190946Z/extract-moves-from-video__y5gRQ9M/agent/trajectory.json
Parser warnings: - Command 1 should end with newline when followed by another command. Otherwise the two commands will be concatenated together on the same line.
Sending keys: ['C-c'] min_timeout_sec: 0.5 max_timeout_sec: 180.0
Sending keys: ['ls /app/ocr_bottom | wc -l\n'] min_timeout_sec: 0.1 max_timeout_sec: 180.0
Trajectory dumped to runs/harbor-v21/athena-slow-hard-failed3-advisorprompt-20260702T190946Z/extract-moves-from-video__y5gRQ9M/agent/trajectory.json
Trajectory dumped to runs/harbor-v21/athena-slow-hard-failed3-advisorprompt-20260702T190946Z/extract-moves-from-video__y5gRQ9M/agent/trajectory.json
Collecting main service artifacts
