{
    "results": {
        "tool": {
            "name": "pytest",
            "version": "8.4.1"
        },
        "summary": {
            "tests": 1,
            "passed": 1,
            "failed": 0,
            "skipped": 0,
            "pending": 0,
            "other": 0,
            "start": 1782680746.6014864,
            "stop": 1782680746.6189651
        },
        "tests": [
            {
                "name": "test_outputs.py::test_attack",
                "status": "passed",
                "duration": 0.001007709000077739,
                "start": 1782680746.6172554,
                "stop": 1782680746.6187644,
                "retries": 0,
                "file_path": "test_outputs.py"
            }
        ]
    }
}